Voting Precinct,Polling Place Name,Polling Place Address,Polling Place Entrance Instructions,Highest Slope Along Path of Travel,ADA Accessible?,Zip Code,Full Address,Latitude,Longitude,VRA § 203: Chinese,VRA § 203: Spanish,CAEC § 14201: Burmese,CAEC § 14201: Japanese,CAEC § 14201: Korean,CAEC § 14201: Thai,CAEC § 14201: Vietnamese,SF Language Access: Filipino
Pct 1101,Temple United Methodist Church - Activities Room,65 Beverly St,Btw Shields & 19th Ave,2.6% Slope,Yes,"94132",65 Beverly St 94132 ,"37.717492","-122.471863","1","0","0","0","0","0","0","0"
Pct 1102,I. T. Bookman Comm Ctr - Multi Purpose Rm,446 Randolph St,Btw Arch & Ramsell,8.3% Slope - Ramped Access,Yes,94132-3122,446 Randolph St 94132-3122 ,"37.7145015","-122.466848","1","0","0","0","0","0","0","0"
Pct 1103 MB,Precinct does not have an assigned polling place as authorized under CAEC § 3005,,,,,,  ,,,,,,,,,,
Pct 1104,Garage,320 Garfield St,Btw Victoria & Ramsell,4.8% Slope,Yes,"94132",320 Garfield St 94132 ,"37.7198743","-122.4657917","1","0","0","0","0","0","0","0"
Pct 1105,Jose Ortega Elementary School - Lobby,400 Sargent St,Btw Arch & Ramsell,8.3% Slope - Ramped Access,Yes,"94132",400 Sargent St 94132 ,"37.7164174","-122.4663083","1","0","0","0","0","0","0","0"
Pct 1106,Ocean View Library - Story Room,345 Randolph St,Btw Victoria & Ramsell,2.0% Slope - Access Via Elevator,Yes,94132-3119,345 Randolph St 94132-3119 ,"37.7141406","-122.4659889","1","0","0","0","0","0","0","0"
Pct 1107,Firehouse #33 - Right Bay,8 Capitol Ave,Btw Sagamore & I-280,6.7% Slope - Ramped Access,Yes,"94112",8 Capitol Ave 94112 ,"37.7108642","-122.4586033","1","1","0","0","0","0","0","0"
Pct 1108,New Providence Baptist Church,218 Granada Ave,Btw Ocean & Holloway,8.3% Slope - Ramped Access,Yes,94112-2244,218 Granada Ave 94112-2244 ,"37.7224847","-122.4569488","1","0","0","0","0","0","0","0"
Pct 1109,Holloway Terrace,1099 Capitol Ave,Corner Of Capitol & Holloway,4.5% Slope,Yes,"94112",1099 Capitol Ave 94112 ,"37.721706","-122.4594963","1","0","0","0","0","0","0","0"
Pct 1111,Sheridan School - Auditorium Lobby,431 Capitol Ave,Enter At Farallones Btw Capitol & Orizaba,8.3% Slope,Yes,94112-2934,431 Capitol Ave 94112-2934 ,"37.7145979","-122.4596391","1","1","0","0","0","0","0","0"
Pct 1112,Garage,114 Lee Ave,Btw Grafton & Holloway,8.0% Slope,Yes,"94112",114 Lee Ave 94112 ,"37.7203823","-122.4539446","1","0","0","0","0","0","1","0"
Pct 1113,Minnie & Lovie Rec Center - Multi Purpose Room,650 Capitol Ave,Btw Minerva & Lobos,8.3% Slope - Ramped Access,Yes,94112-2958,650 Capitol Ave 94112-2958 ,"37.7161329","-122.457412","1","0","0","0","0","0","0","0"
Pct 1114,Garage,155 Sadowa St,Btw Capitol & Plymouth,6.5% Slope,Yes,94112-2941,155 Sadowa St 94112-2941 ,"37.7121419","-122.4576807","1","1","0","0","0","0","0","0"
Pct 1115,Wilmes Company - Garage,5978 Mission St,Btw Liebig & Huron,4.8% Slope,Yes,"94112",5978 Mission St 94112 ,"37.7082603","-122.4550283","1","1","0","0","0","0","0","0"
Pct 1116 MB,Precinct does not have an assigned polling place as authorized under CAEC § 3005,,,,,,  ,,,,,,,,,,
Pct 1117,Lick Wilmerding School,755 Ocean Ave,Btw Ocean & Howth,4.9% Slope,Yes,"94112",755 Ocean Ave 94112 ,"37.7226249","-122.4492893","1","0","0","0","0","0","1","0"
Pct 1118,Garage,2584 San Jose Ave,Btw Mount Vernon & Lakeview,6.0% Slope,Yes,"94112",2584 San Jose Ave 94112 ,"37.7167354","-122.4502207","1","1","0","0","0","0","1","0"
Pct 1119,Cayuga Playground Clubhouse,301 Naglee Ave,Enter At Corner Of Cayuga & Naglee,4.7% Slope,Yes,"94112",301 Naglee Ave 94112 ,"37.7138536","-122.4504393","1","0","0","0","0","0","0","0"
Pct 1121,Garage,483 Ellington Ave,Btw Whipple & Naglee,2.8% Slope,Yes,"94112",483 Ellington Ave 94112 ,"37.7111622","-122.4479147","1","1","0","0","0","0","0","0"
Pct 1122,Garage,124 Del Monte St,Btw Mount Vernon & Ottawa,1.3% Slope,Yes,"94112",124 Del Monte St 94112 ,"37.7153379","-122.4442632","1","1","0","0","0","0","0","0"
Pct 1123,Geneva Community Center,5050 Mission St,Btw Seneca & Amazon,0.3% Slope - Access Via Wheelchair Lift,Yes,"94112",5050 Mission St 94112 ,"37.7175355","-122.4404591","1","1","0","0","0","0","0","0"
Pct 1124,Kapuso At The Upper Yard - Community Room,2330 San Jose Ave,Btw Geneva & Niagara,1.8% Slope,Yes,"94112",2330 San Jose Ave 94112 ,"37.7205075","-122.4469865","1","1","0","0","0","0","0","0"
Pct 1125,T S Cafe,4754 Mission St,Btw Leo & Russia,6.8% Slope,Yes,"94112",4754 Mission St 94112 ,"37.7220549","-122.4371128","1","1","0","0","0","0","0","0"
Pct 1126,Garage,37 Rudden Ave,Btw Otsego & Delano,7.0% Slope,Yes,"94112",37 Rudden Ave 94112 ,"37.7240539","-122.441468","1","1","0","0","0","0","0","0"
Pct 1127,Corpus Christi Church,62 Santa Rosa Ave,Enter On Alemany At Santa Rosa,7.0% Slope - Ramped Access,Yes,94112-2618,62 Santa Rosa Ave 94112-2618 ,"37.7268384","-122.4351613","1","1","0","0","0","0","0","0"
Pct 1128,Garage,2 San Gabriel Ave,Btw Capistrano & Santa Rosa,6.2% Slope,Yes,94112-1905,2 San Gabriel Ave 94112-1905 ,"37.7293579","-122.4380152","1","1","0","0","0","0","0","0"
Pct 1129,Garage,100 Lyell St,Enter On Cayuga Btw Lyell & Danton,0.3% Slope,Yes,"94112",100 Lyell St 94112 ,"37.730786","-122.4314585","1","1","0","0","0","0","0","0"
Pct 1131,Garage,263 Maynard St,Btw Congdon & Gladstone,3.8% Slope,Yes,94112-1638,263 Maynard St 94112-1638 ,"37.7296597","-122.4246433","1","1","0","0","0","0","0","0"
Pct 1132,Portola Baptist Church,225 Pioche St,Btw Harvard & Oxford,3.0% Slope,Yes,"94134",225 Pioche St 94134 ,"37.7282438","-122.4207645","1","1","0","0","0","0","0","0"
Pct 1133,Monroe School - Multipurpose Room,260 Madrid St,Btw Avalon & Excelsior,2.8% Slope,Yes,94112-2055,260 Madrid St 94112-2055 ,"37.7255673","-122.4304005","1","1","0","0","0","0","0","0"
Pct 1134,Garage,250 Athens St,Btw Avalon & Excelsior,4.7% Slope,Yes,"94112",250 Athens St 94112 ,"37.7240251","-122.4268791","1","1","0","0","0","0","1","0"
Pct 1135,Garage,390 Harvard St,Enter On Harvard At Burrows,3.6% Slope,Yes,"94134",390 Harvard St 94134 ,"37.7247845","-122.4201254","1","0","0","0","0","0","1","0"
Pct 1136,Garage,342 London St,Btw Persia & Brazil,3.0% Slope,Yes,"94112",342 London St 94112 ,"37.7237126","-122.4347285","1","1","0","0","0","0","0","0"
Pct 1137,Garage,437 Lisbon St,Btw Russia & Persia,4.2% Slope,Yes,"94112",437 Lisbon St 94112 ,"37.7213395","-122.4338604","1","1","0","0","0","0","0","0"
Pct 1138,Coleman Advocates For Children & Youth - Community Room,459 Vienna St,Btw Brazil & Persia,6.3% Slope - Access Via Elevator,Yes,"94112",459 Vienna St 94112 ,"37.7210908","-122.4297258","1","1","0","0","0","0","0","0"
Pct 1139,City Arts & Tech High School - Hallway,325 La Grande Ave,Btw Persia & Brazil,8.3% Slope - Ramped Access,Yes,94112-2866,325 La Grande Ave 94112-2866 ,"37.7194881","-122.425285","1","1","0","0","0","0","0","0"
Pct 1141,Garage,121 Amazon Ave,Btw Paris & London,4.6% Slope,Yes,"94112",121 Amazon Ave 94112 ,"37.717009","-122.4392106","1","1","0","0","0","0","0","0"
Pct 1142,Geneva Ave United Methodist Church - Fellowship Hall,1261 Geneva Ave,Btw Vienna & Athens,8.0% Slope,Yes,"94112",1261 Geneva Ave 94112 ,"37.7140117","-122.4350196","1","1","0","0","0","0","0","0"
Pct 1143,Firehouse #43 - Right Bay,720 Moscow St,Btw Italy & France,4.3% Slope,Yes,94112-3527,720 Moscow St 94112-3527 ,"37.7163494","-122.4316913","1","1","0","0","0","0","0","0"
Pct 1144,Garage,66 Guttenberg St,Btw Morse & Mission,1.7% Slope,Yes,"94112",66 Guttenberg St 94112 ,"37.7118148","-122.4443289","1","1","0","0","0","0","0","0"
Pct 1145,Longfellow School - Front Lobby,755 Morse St,Btw Whipple & Lowell,4.3% Slope,Yes,"94112",755 Morse St 94112 ,"37.710651","-122.446825","1","1","0","0","0","0","0","0"
Pct 1146,Garage,494 Pope St,Enter On Pope At Bellevue,7.1% Slope,Yes,"94112",494 Pope St 94112 ,"37.7084045","-122.4406589","1","0","0","0","0","0","0","0"
Pct 1147,Cordova Market,301 Rolph St,Btw Naples & Cordova,0.5% Slope,Yes,94112-4405,301 Rolph St 94112-4405 ,"37.7136213","-122.4363113","1","1","0","0","0","0","0","0"
Pct 1148,Guadalupe Elementary - Library,859 Prague St,Enter On Winding Way Btw Cordova & Naylor,7.3% Slope - Ramped Access,Yes,"94112",859 Prague St 94112 ,"37.7100372","-122.4342975","1","1","0","0","0","0","0","0"
Pct 1149,Garage,8 Chicago Way,Btw Lapham & End Of Cul DE Sac,3.0% Slope,Yes,"94112",8 Chicago Way 94112 ,"37.710073","-122.4281089","1","1","0","0","0","0","0","0"
Pct 7001,St Gregory Church - Rotunda,500 De Haro St,Btw 18th & Mariposa Sts,7.0% Slope,Yes,"94107",500 De Haro St 94107 ,"37.7631866","-122.4017277","0","0","0","0","0","0","0","0"
Pct 7002,California College Of The Arts - Blattner Hall M. P. Room,75 Arkansas St,Btw 16th & 17th Sts,0.6% Slope,Yes,"94107",75 Arkansas St 94107 ,"37.7653462","-122.3985031","0","0","0","0","0","0","0","0"
Pct 7003,Downtown High School - Cafetorium,693 Vermont St,Btw 18th & 19th St,6.0% Slope,Yes,"94107",693 Vermont St 94107 ,"37.7614078","-122.4039416","0","0","0","0","0","0","0","0"
Pct 7004,St Teresa Of Avila Church - Sammon Hall,1490 19th St,Enter On Connecticut Btw 18th & 19th Sts,4.4% Slope,Yes,"94107",1490 19th St 94107 ,"37.7614908","-122.3971267","0","0","0","0","0","0","0","0"
Pct 7005,Daniel Webster Elementary School - Cafeteria,465 Missouri St,Enter On Texas Btw 19th & 20th Sts,8.3% Slope - Ramped Access,Yes,"94107",465 Missouri St 94107 ,"37.7602512","-122.3961201","0","0","0","0","0","0","0","0"
Pct 7006,U C S F Mission Bay - Lobby,654 Minnesota St,Btw 18th & 19th Sts,5.2% Slope,Yes,"94107",654 Minnesota St 94107 ,"37.7619754","-122.3910637","0","0","0","0","0","0","0","0"
Pct 7007,Potrero Hill Neighborhood House,953 De Haro St,Enter On DE Haro At Southern Heights,8.0% Slope,Yes,"94107",953 De Haro St 94107 ,"37.7583179","-122.400667","0","0","0","0","0","0","0","0"
Pct 7008,Garage,524 Connecticut St,Btw 20th St & Dead End,3.5% Slope,Yes,"94107",524 Connecticut St 94107 ,"37.759004","-122.3974784","0","0","0","0","0","0","0","0"
Pct 7009,Rickshaw Bagworks,904 22nd St,Btw Minnesota & Indiana,2.7% Slope,Yes,"94107",904 22nd St 94107 ,"37.7580658","-122.3905769","0","0","0","0","0","0","0","0"
Pct 7011,Garage,1207 San Bruno Ave,Btw 23rd & 24th Sts,8.2% Slope,Yes,"94110",1207 San Bruno Ave 94110 ,"37.7541612","-122.4042296","0","1","0","0","0","0","0","0"
Pct 7012,Firehouse #37 - Left Bay,798 Wisconsin St,Btw 20th & 22nd Sts,7.1% Slope - Ramped Access,Yes,"94107",798 Wisconsin St 94107 ,"37.7574014","-122.3992319","0","0","0","0","0","0","0","0"
Pct 7013,Potrero Terrace - Community Room,1101 Connecticut St,Btw 25th & 26th Sts,2.0% Slope,Yes,"94107",1101 Connecticut St 94107 ,"37.7521112","-122.3960203","0","0","0","0","0","0","0","0"
Pct 7014,Muni Barn - Gym,700 Pennsylvania Ave,Btw 22nd & 23rd Sts,3.7% Slope,Yes,"94107",700 Pennsylvania Ave 94107 ,"37.7574997","-122.393856","0","0","0","0","0","0","0","0"
Pct 7015,Minnesota Street Project - Lounge,1275 Minnesota St,Btw 23rd & 24th Sts,1.1% Slope,Yes,"94107",1275 Minnesota St 94107 ,"37.7542915","-122.389488","0","0","0","0","0","0","0","0"
Pct 7016,Islais Creek Muni Facility - Community Room,1301 Cesar Chavez St,Enter On Indiana Btw Cesar Chavez & Marin,2.1% Slope,Yes,"94124",1301 Cesar Chavez St 94124 ,"37.748537","-122.3904871","1","0","0","0","0","0","0","0"
Pct 7017,Garage,1960 Quesada Ave,Btw Quint & Deadend,5.0% Slope,Yes,"94124",1960 Quesada Ave 94124 ,"37.7362898","-122.3961752","1","1","0","0","0","0","0","0"
Pct 7018,All Hallows Community - Community Room,1711 Oakdale Ave,Btw Newhall & Phelps,4.9% Slope,Yes,"94124",1711 Oakdale Ave 94124 ,"37.7356314","-122.3926707","1","1","0","0","0","0","0","0"
Pct 7019,St John Baptist Church - Dining Hall,825 Newhall St,Btw Jerrold & Innes,7.0% Slope,Yes,"94124",825 Newhall St 94124 ,"37.7388498","-122.3890466","1","0","0","0","0","0","1","0"
Pct 7021,Willie L Brown Middle School - Rm A313,2055 Silver Ave,Btw Revere & Thomas,8.3% Slope - Ramped Access,Yes,"94124",2055 Silver Ave 94124 ,"37.736183","-122.399628","1","0","0","0","0","0","0","0"
Pct 7022,Garage,126 Bridgeview Dr,Btw Topeka & Newhall,7.3% Slope,Yes,"94124",126 Bridgeview Dr 94124 ,"37.7350941","-122.3961323","1","0","0","0","0","0","0","0"
Pct 7023,Garage,1722 Quesada Ave,Btw 3rd St & Newhall,2.2% Slope,Yes,"94124",1722 Quesada Ave 94124 ,"37.7336888","-122.3917968","1","0","0","0","0","0","0","0"
Pct 7024,Joseph Lee Rec Center - Multi Purpose Rm,1598 Oakdale Ave,Enter On Newcomb Btw Mendell & Lane,8.0% Slope,Yes,"94124",1598 Oakdale Ave 94124 ,"37.7348963","-122.3897027","1","1","0","0","0","0","0","0"
Pct 7025,Garage,11 Carpenter Ct,Enter On Carpenter At Whitney Young Cir,6.0% Slope,Yes,"94124",11 Carpenter Ct 94124 ,"37.7348978","-122.3852992","0","0","0","0","0","0","0","0"
Pct 7026,Hunters View - Community Rm,1101 Fairfax Ave,Enter On Fairfax At Acacia,5.7% Slope - Access Via Elevator,Yes,94124-1773,1101 Fairfax Ave 94124-1773 ,"37.7367644","-122.381526","1","0","0","0","0","0","0","0"
Pct 7027,Our Lady Of Lourdes Church,410 Hawes St,Btw Innes & Hudson,6.3% Slope,Yes,"94124",410 Hawes St 94124 ,"37.7334196","-122.3777582","0","0","0","0","0","0","0","0"
Pct 7028,Garage,2010 Carroll Ave,Btw Phelps & Quint,4.2% Slope,Yes,"94124",2010 Carroll Ave 94124 ,"37.7295235","-122.4009851","1","0","0","0","0","0","1","0"
Pct 7029,Charles Drew Elementary School - Cafeteria,50 Pomona St,Btw Thornton & Bayview,3.2% Slope,Yes,"94124",50 Pomona St 94124 ,"37.7317559","-122.3938961","1","0","0","0","0","0","1","0"
Pct 7031,Bayview Y M C A - Gymnasium,1601 Lane St,Corner Of Lane & Revere,2.9% Slope,Yes,"94124",1601 Lane St 94124 ,"37.7318065","-122.3897866","1","1","0","0","0","0","0","0"
Pct 7032,Garage,1435 Shafter Ave,Btw Jennings & Keith,2.0% Slope,Yes,"94124",1435 Shafter Ave 94124 ,"37.7291628","-122.3878449","0","1","0","0","0","0","0","0"
Pct 7033,Bayview Apartments - Community Rm,5 Commer Ct,Enter On Commer & Garlington,8.3% Slope - Ramped Access,Yes,"94124",5 Commer Ct 94124 ,"37.732254","-122.384827","1","0","0","0","0","0","0","0"
Pct 7034,Firehouse #17 - Left Bay,1295 Shafter Ave,Btw Hawes & Ingalls,6.2% Slope,Yes,"94124",1295 Shafter Ave 94124 ,"37.7275203","-122.3850004","0","1","0","0","0","0","0","0"
Pct 7035,Willie Mays Boys And Girls Clubhouse - Rm 103,195 Kiska Rd,Btw Reardon & Dormitory,8.3% Slope,Yes,"94124",195 Kiska Rd 94124 ,"37.729655","-122.375617","1","0","0","0","0","0","0","0"
Pct 7036,Garage,157 Apollo St,Btw Thornton & Williams,0.5% Slope,Yes,"94124",157 Apollo St 94124 ,"37.7307725","-122.3986274","1","0","0","0","0","0","1","0"
Pct 7037,Armstrong Place Senior Housing - Comm Rm,5600 3rd St,Enter On Armstrong Btw 3rd St & Lane,2.9% Slope,Yes,94124-7614,5600 3rd St 94124-7614 ,"37.726916","-122.3939774","1","1","0","0","0","0","1","0"
Pct 7038,Martin Luther King Jr Pool - Community Room,5701 3rd St,Enter Off Keith Btw Carroll & Bancroft,7.7% Slope - Ramped Access,Yes,94124-2642,5701 3rd St 94124-2642 ,"37.7253957","-122.3932063","1","1","0","0","0","0","1","0"
Pct 7039,Coffman Pool - Lobby,1701 Visitacion Ave,Enter On Visitacion At Hahn,3.2% Slope,Yes,"94134",1701 Visitacion Ave 94134 ,"37.7132411","-122.4158445","1","1","0","0","0","0","0","0"
Pct 7041,Mercy Housing - Multi Purpose Room,290 Malosi St,Btw Sunrise Way & Harmonia St,1.7% Slope,Yes,"94134",290 Malosi St 94134 ,"37.711398","-122.4179019","1","1","0","0","0","0","0","0"
Pct 7042,Saint Phillips Missionary Baptist Church,745 Velasco Ave,Btw Santos & Castillo,6.6% Slope,Yes,"94134",745 Velasco Ave 94134 ,"37.7097505","-122.4191408","1","1","0","0","0","0","0","0"
Pct 7043,Heritage Homes - Community Rm,243 Rey St,Enter on Towerside Btw Rey & Schwerin,8.3% Slope,Yes,"94134",243 Rey St 94134 ,"37.7101251","-122.412526","1","1","0","0","0","0","0","0"
Pct 7044,El Dorado School - Cafeteria,70 Delta St,Btw Hamilton & Wilde,8.3% Slope - Ramped Access,Yes,"94134",70 Delta St 94134 ,"37.7185338","-122.4073489","1","0","0","0","0","0","1","0"
Pct 7045,Visitacion Valley Branch Library - Program Rm,201 Leland Ave,Btw Cora & Rutland,7.7% Slope - Ramped Access,Yes,"94134",201 Leland Ave 94134 ,"37.7124686","-122.4079152","1","1","0","0","0","0","1","0"
Pct 7046,Church Of The Visitacion - Gym Lobby,701 Sunnydale Ave,Btw Tomaso & Rutland,8.3% Slope - Ramped Access,Yes,"94134",701 Sunnydale Ave 94134 ,"37.7095614","-122.4095052","1","1","0","0","0","0","0","0"
Pct 7047,New Greater Prosperity Church - Sanctuary,3560 San Bruno Ave,Btw Harkness & Wilde,6.1% Slope,Yes,94134-2027,3560 San Bruno Ave 94134-2027 ,"37.717055","-122.4000746","1","0","0","0","0","0","1","0"
Pct 7048,Firehouse #44 - Left Bay,1298 Girard St,Btw Wilde & Harkness,1.2% Slope,Yes,"94134",1298 Girard St 94134 ,"37.7166344","-122.4004976","1","1","0","0","0","0","1","0"
Pct 7049,Asian Pacific American Community Center - Rm 3,66 Raymond Ave,Btw Alpha & Bayshore,8.3% Slope - Ramped Access,Yes,"94134",66 Raymond Ave 94134 ,"37.7124722","-122.4044623","1","1","0","0","0","0","0","0"
Pct 7051,United House Of Prayer Church - Hall,1249 Jamestown Ave,Btw Keith & Salinas,8.3% Slope - Ramped Access,Yes,"94124",1249 Jamestown Ave 94124 ,"37.7208683","-122.3982962","1","1","0","0","0","0","1","0"
Pct 7052,Hindu Temple - Gymnasium,333 Tunnel Ave,Btw Lathrop & Visitacion,4.1% Slope,Yes,94134-2400,333 Tunnel Ave 94134-2400 ,"37.7101889","-122.4010731","1","0","0","0","0","0","0","0"
Pct 7053,Executive Park Properties L L C - 1st Floor Conf Rm,150 Executive Park Blvd,Enter Rear Parking Lot Btw Thomas Mellon & Candlestick Cove,1.9% Slope,Yes,"94134",150 Executive Park Blvd 94134 ,"37.711105","-122.3933208","1","0","0","0","0","0","0","0"
Pct 7054,Garage,840 Jamestown Ave,Btw Griffith & Hawes,8.3% Slope,Yes,"94124",840 Jamestown Ave 94124 ,"37.7168948","-122.3904099","1","1","0","0","0","0","1","0"
Pct 7055,Bret Harte Elementary School - Hallway,1035 Gilman Ave,Btw Griffith & Hawes Sts,4.2% Slope,Yes,"94124",1035 Gilman Ave 94124 ,"37.7185053","-122.3891484","1","1","0","0","0","0","1","0"
Pct 7056,Alice Griffith Apartments - Multipurpose Rm,2600 Arelious Walker Dr,Enter On Arelious Walker Near Egbert,0.8% Slope,Yes,"94124",2600 Arelious Walker Dr 94124 ,"37.7189164","-122.3853545","1","1","0","0","0","0","1","0"
Pct 7201,S F Public Montessori School - Auditorium,2340 Jackson St,Btw Webster & Fillmore,8.3% Slope - Ramped Access,Yes,"94115",2340 Jackson St 94115 ,"37.7927371","-122.4335688","0","0","0","0","0","0","0","0"
Pct 7202,Garage,1928 Webster St,Btw California & Pine,2.2% Slope,Yes,"94115",1928 Webster St 94115 ,"37.788641","-122.4318332","0","0","0","0","0","0","0","0"
Pct 7203 MB,Precinct does not have an assigned polling place as authorized under CAEC § 3005,,,,,,  ,,,,,,,,,,
Pct 7204 MB,Precinct does not have an assigned polling place as authorized under CAEC § 3005,,,,,,  ,,,,,,,,,,
Pct 7205,Garage,1155 Broderick St,Btw Eddy & Ellis,2.8% Slope,Yes,"94115",1155 Broderick St 94115 ,"37.781086","-122.440946","0","0","0","1","1","0","0","0"
Pct 7206 MB,Precinct does not have an assigned polling place as authorized under CAEC § 3005,,,,,,  ,,,,,,,,,,
Pct 7207,Western Park Apartments - Community Room,1280 Laguna St,Between Eddy & Ellis,8.2% Slope,Yes,"94115",1280 Laguna St 94115 ,"37.7827246","-122.4272953","1","0","0","1","1","0","0","0"
Pct 7208,Opera Plaza - 2nd Fl Mezzanine - Community Rm,601 Van Ness Ave,Btw Turk & Golden Gate,8.3% Slope - Access Via Elevator,Yes,"94102",601 Van Ness Ave 94102 ,"37.7811165","-122.4213309","1","0","0","0","0","0","0","0"
Pct 7301,Northbeach Place - Community Rm,455 Bay St,Btw Mason & Taylor,2.1% Slope,Yes,"94133",455 Bay St 94133 ,"37.8053713","-122.4144265","1","0","0","0","0","0","0","0"
Pct 7302,Francisco Middle School - Auditorium,2190 Powell St,Enter Schoolyard From Francisco Btw Powell & Stockton,1.9% Slope,Yes,"94133",2190 Powell St 94133 ,"37.8044606","-122.4113756","1","0","0","0","0","0","0","0"
Pct 7303,North Pt Wet Weather Facility - Lobby,111 Bay St,Btw Kearny & Midway,6.7% Slope,Yes,"94111",111 Bay St 94111 ,"37.8059703","-122.4087649","1","0","0","0","0","0","0","0"
Pct 7304,North Beach Library - Community Rm,850 Columbus Ave,Btw Lombard & Greenwich,1.8% Slope - Access Via Elevator,Yes,94133-2308,850 Columbus Ave 94133-2308 ,"37.802574","-122.4132719","1","0","0","0","0","0","0","0"
Pct 7305,San Francisco Evangelical Free Church,756 Union St,Btw Powell & Mason,6.7% Slope - Access Via Elevator,Yes,"94133",756 Union St 94133 ,"37.8003594","-122.4117591","1","0","0","0","0","0","0","0"
Pct 7306,S F Italian Athletic Club - Upstairs Function Room,1632 Stockton St,Btw Union & Filbert St,1.6% Slope - Access Via Elevator,Yes,"94133",1632 Stockton St 94133 ,"37.800956","-122.4091779","1","0","0","0","0","0","0","0"
Pct 7307,Firehouse #28 - Right Bay,1814 Stockton St,Btw Greenwich & Lombard,2.5% Slope,Yes,"94133",1814 Stockton St 94133 ,"37.8025552","-122.40934","1","0","0","0","0","0","0","0"
Pct 7308,John Yehall Chin School - Library,350 Broadway,Btw Sansome & Montgomery,8.3% Slope - Ramped Access,Yes,"94133",350 Broadway 94133 ,,,"1","0","0","0","0","0","0","0"
Pct 7309,Jean Parker Elementary School - Multi Purpose Room,840 Broadway,Btw Powell & Mason,8.3% Slope - Ramped Access,Yes,"94133",840 Broadway 94133 ,"37.7974664","-122.4113092","1","0","0","0","0","0","0","0"
Pct 7311,Club Fugazi,678 Green St,Btw Powell & Columbus,0.3% Slope - Access Via Wheelchair Lift,Yes,"94133",678 Green St 94133 ,"37.7996339","-122.4102746","1","0","0","0","0","0","0","0"
Pct 7312,Shrine Of St. Francis Of Assisi Church - Lower Hall,610 Vallejo St,Btw Columbus & Grant,5.5% Slope - Access Via Wheelchair Lift,Yes,"94133",610 Vallejo St 94133 ,"37.7988582","-122.4076196","1","0","0","0","0","0","0","0"
Pct 7313,Golden Gateway Ctr - Lobby,155 Jackson St,Enter On Front St Near Corner Of Jackson,2.2% Slope,Yes,"94111",155 Jackson St 94111 ,"37.796863","-122.3992299","1","0","0","0","0","0","0","0"
Pct 7314,Helen Wills Park - Garden Room,1965 Larkin St,Btw Larkin & Polk,8.3% Slope,Yes,"94109",1965 Larkin St 94109 ,"37.7957066","-122.4205358","1","0","0","0","0","0","0","0"
Pct 7315,Garage,1524 Leavenworth St,Btw Pacific & Jackson,7.3% Slope,Yes,"94109",1524 Leavenworth St 94109 ,"37.7951798","-122.4163046","1","0","0","0","0","0","0","0"
Pct 7316,990 Pacific Ave Apartments - Community Room,990 Pacific Ave,Btw Powell & Mason,2.0% Slope,Yes,"94133",990 Pacific Ave 94133 ,"37.7965324","-122.4114419","1","0","0","0","0","0","0","0"
Pct 7317,Ping Yuen Apartments - Community Room,838 Pacific Ave,Btw Powell & Cordelia,5.0% Slope,Yes,"94133",838 Pacific Ave 94133 ,"37.7969185","-122.4090968","1","0","0","0","0","0","0","0"
Pct 7318,C C S F - Chinatown / North Beach Center - Lobby,808 Kearny St,Btw Washington & Jackson,1.3% Slope,Yes,"94108",808 Kearny St 94108 ,"37.7956036","-122.4047237","1","0","0","0","0","0","0","0"
Pct 7319,Old First Presbyterian Church - Fellowship Hall,1751 Sacramento St,Btw Polk & Van Ness,2.6% Slope - Access Via Elevator,Yes,"94109",1751 Sacramento St 94109 ,"37.7911946","-122.422083","1","0","0","0","0","0","0","0"
Pct 7321,Firehouse #41- Left Bay,1325 Leavenworth St,Btw Washington & Clay,2.2% Slope,Yes,"94109",1325 Leavenworth St 94109 ,"37.7933898","-122.4165002","1","0","0","0","0","0","0","0"
Pct 7322,Garage,1362 Sacramento St,Btw Jones & Leavenworth,5.0% Slope,Yes,"94109",1362 Sacramento St 94109 ,"37.7924187","-122.4153799","1","0","0","0","0","0","0","0"
Pct 7323,Chinatown Branch Library - Comm Rm,1135 Powell St,Btw Jackson & Washington,7.4% Slope,Yes,"94108",1135 Powell St 94108 ,"37.7952336","-122.4102391","1","0","0","0","0","0","0","0"
Pct 7324,Betty Ong Rec Center - Lobby,1199 Mason St,Enter On Mason At Washington,2.8% Slope,Yes,94108-1551,1199 Mason St 94108-1551 ,"37.7941352","-122.4115525","0","0","0","0","0","0","0","0"
Pct 7325,Gordon J. Lau Elementary School - Auditorium Lobby,950 Clay St,Btw Stockton & Powell,7.8% Slope,Yes,"94108",950 Clay St 94108 ,"37.7943134","-122.4088044","1","0","0","0","0","0","0","0"
Pct 7326,Geen Mun Center - Conference Room,777 Stockton St,Enter On Stockton At Sacramento,5.5% Slope,Yes,"94108",777 Stockton St 94108 ,"37.7928215","-122.4078356","1","0","0","0","0","0","0","0"
Pct 7327,Redding Elementary School - Classroom 105,1421 Pine St,Btw Polk & Larkin,2.5% Slope,Yes,"94109",1421 Pine St 94109 ,"37.789542","-122.4189859","1","0","0","0","0","0","0","0"
Pct 7328,Firehouse #3 - Right Bay,1067 Post St,Btw Polk & Larkin,2.7% Slope,Yes,"94109",1067 Post St 94109 ,"37.7866497","-122.4193513","1","0","0","0","0","0","0","0"
Pct 7329,Grace Cathedral Church - Conference Rm.,1051 Taylor St,Btw California & Sacramento,4.8% Slope,Yes,"94108",1051 Taylor St 94108 ,"37.7922417","-122.412763","1","0","0","0","0","0","0","0"
Pct 7331,U C S F Health Saint Francis Hospital - Conference Room,1199 Bush St,Btw Hyde & Leavenworth - No Entrance At Main Hospital,5.7% Slope - Access Via Elevator,Yes,"94109",1199 Bush St 94109 ,"37.7889333","-122.4167294","0","0","0","0","0","0","0","0"
Pct 7332,Mary Elizabeth Inn - Dining Hall,1040 Bush St,Btw Leavenworth & Jones,1.8% Slope,Yes,"94109",1040 Bush St 94109 ,"37.7897135","-122.4145075","0","0","0","0","0","0","0","0"
Pct 7333,Goodwill Career Center,750 Post St,Btw Leavenworth & Jones,8.0% Slope,Yes,"94109",750 Post St 94109 ,"37.7878669","-122.4141408","0","0","0","0","0","1","0","0"
Pct 7334,Hotel Adagio - Ensemble Room,550 Geary St,Enter On Shannon Btw Geary & Post,2.8% Slope,Yes,"94102",550 Geary St 94102 ,"37.7870622","-122.412526","0","0","0","0","0","1","0","0"
Pct 7335,1001 Pine Street Apartments,1001 Pine St,Btw Jones & Taylor,6.0% Slope,Yes,"94109",1001 Pine St 94109 ,"37.790414","-122.4127327","0","0","0","0","0","0","0","0"
Pct 7336,450 Sutter Building - Mayan Room 310,450 Sutter St,Btw Powell & Stockton,5.4% Slope - Access Via Elevator,Yes,94108-4206,450 Sutter St 94108-4206 ,"37.7896952","-122.4078356","1","0","0","0","0","0","0","0"
Pct 7337,Center For Architecture + Design - Lecture Hall,140 Sutter St,Btw Trinity & Kearny,7.4% Slope,Yes,"94104",140 Sutter St 94104 ,"37.7900682","-122.4029248","1","0","0","0","0","0","0","0"
Pct 7338 MB,Precinct does not have an assigned polling place as authorized under CAEC § 3005,,,,,,  ,,,,,,,,,,
Pct 7501,Jones Memorial United Methodist Church - Multi Purpose Rm,1975 Post St,Entrance On Post At Boswell,1.7% Slope,Yes,94115-3571,1975 Post St 94115-3571 ,"37.7848248","-122.4342709","0","0","0","1","1","0","0","0"
Pct 7502,Japanese Cultural & Community Center - Conference Rm,1840 Sutter St,Btw Webster & Buchanan,5.0% Slope - Access Via Elevator,Yes,"94115",1840 Sutter St 94115 ,"37.7866627","-122.4308871","0","0","0","1","1","0","0","0"
Pct 7503,1760 Bush Street Apartments - Community Rm,1760 Bush St,Btw Octavia & Gough,8.3% Slope - Ramped Access,Yes,"94109",1760 Bush St 94109 ,"37.7880531","-122.4265454","1","0","0","1","1","0","0","0"
Pct 7504,Zygmunt Arendt House - Program Room,850 Broderick St,Enter On Broderick Btw Golden Gate & Mcallister,0.9% Slope,Yes,"94115",850 Broderick St 94115 ,"37.778324","-122.4400168","0","0","0","1","1","0","0","0"
Pct 7505,Robert B Pitts - Community Room,1150 Scott St,Btw Eddy & Turk,8.3% Slope - Ramped Access,Yes,94115-4007,1150 Scott St 94115-4007 ,"37.7803191","-122.4368954","1","0","0","1","1","0","0","0"
Pct 7506,Fillmore Heritage - Lobby,1330 Fillmore St,Btw Eddy & O ' Farrell,2.6% Slope,Yes,"94115",1330 Fillmore St 94115 ,"37.7821572","-122.4320414","0","0","0","0","1","0","0","0"
Pct 7507,Rosa Parks Elementary School - Auditorium,1501 O ' Farrell St,Btw Hollis & Inca,5.3% Slope - Ramped Access,Yes,"94115",1501 O ' Farrell St 94115 ,"37.7835016","-122.4293221","1","0","0","0","1","0","0","0"
Pct 7508,Creative Arts Charter School - Music Room 102,1601 Turk St,Btw Scott & Pierce,3.4% Slope - Access Via Elevator,Yes,94115-4527,1601 Turk St 94115-4527 ,"37.7797026","-122.4360345","0","0","0","0","0","0","0","0"
Pct 7509,"Queen Adah Grand Chapter, Inc - Lobby",1390 1/2 Turk St,Btw Fillmore & Webster,3.2% Slope,Yes,"94115",1390 1/2 Turk St 94115 ,"37.780684","-122.4318835","0","0","0","1","1","0","0","0"
Pct 7511,Ella Hill Hutch Center - Computer Lab,1050 Mc Allister St,Btw Webster & Laguna,8.3% Slope - Ramped Access,Yes,"94115",1050 Mc Allister St 94115 ,"37.7792081","-122.4294715","1","0","0","0","1","0","0","0"
Pct 7512,Neighborhood Network Center,460 Fulton St,Btw Octavia & Gough,5.2% Slope,Yes,"94102",460 Fulton St 94102 ,"37.7787347","-122.4247802","1","0","0","0","1","0","0","0"
Pct 7513,Garage,715 Scott St,Btw Grove & Fulton,3.3% Slope,Yes,"94117",715 Scott St 94117 ,"37.7766167","-122.4367167","0","0","0","0","0","0","0","0"
Pct 7514,Third Baptist Church,1399 Mc Allister St,Corner Of Mc Allister & Pierce,12% Slope - Curbside Voting Available,No,"94115",1399 Mc Allister St 94115 ,"37.7778519","-122.4345349","1","0","0","0","1","0","0","0"
Pct 7515,Neighborhood Baptist Church - Confer Rm,608 Hayes St,Btw Laguna & Buchanan,2.7% Slope,Yes,"94102",608 Hayes St 94102 ,"37.7766251","-122.4266157","0","0","0","0","1","0","0","0"
Pct 7516,La Boulangerie,500 Hayes St,Btw Octavia & Laguna,1.3% Slope,Yes,"94102",500 Hayes St 94102 ,"37.7767761","-122.4247969","0","0","0","0","0","0","1","0"
Pct 7517,Pas Normal Studios - Lobby,800 Haight St,Btw Scott & Divisadero,2.1% Slope,Yes,"94117",800 Haight St 94117 ,"37.7716289","-122.4355473","0","0","0","0","0","0","0","0"
Pct 7518,Garage,634 Oak St,Btw Fillmore & Webster,4.3% Slope,Yes,"94117",634 Oak St 94117 ,"37.7742416","-122.4298956","0","0","0","0","0","0","0","0"
Pct 7519,Garage,626 Haight St,Btw Steiner & Pierce,5.7% Slope,Yes,"94117",626 Haight St 94117 ,"37.772064","-122.433033","0","0","0","0","0","0","0","0"
Pct 7521,Cafe International,508 Haight St,Btw Steiner & Fillmore,0.7% Slope,Yes,"94117",508 Haight St 94117 ,"37.772197","-122.430674","0","0","0","0","0","0","0","0"
Pct 7522,Hayes Valley Apartments - Community Room,403 Rose St,Btw Buchanan & Webster,2.2% Slope,Yes,"94102",403 Rose St 94102 ,"37.7728778","-122.4275138","0","0","0","0","0","0","0","0"
Pct 7523,Fell St Housing - Community Room,333 Fell St,Between Octavia & Gough,1.7% Slope,Yes,"94102",333 Fell St 94102 ,"37.7755775","-122.4234801","1","0","0","0","0","0","0","0"
Pct 7524,Hotel Iroquois - Community Room,835 O' Farrell St,Btw Larkin & Polk,0.2% Slope,Yes,"94109",835 O' Farrell St 94109 ,"37.7848593","-122.4184859","1","0","0","0","0","0","1","0"
Pct 7525,Crosby Hotel - Activity Room,516 O' Farrell St,Btw Jones & Leavenworth,4.6% Slope,Yes,"94102",516 O' Farrell St 94102 ,"37.7859093","-122.41345","1","0","0","0","0","1","0","0"
Pct 7526,Arnet Watson Apartments - Lobby,650 Eddy St,Btw Larkin & Polk,1.1% Slope,Yes,94109-7955,650 Eddy St 94109-7955 ,"37.7833046","-122.4184886","1","0","0","0","0","0","1","0"
Pct 7527,Ellis Gardens - Social Room,666 Ellis St,Btw Larkin & Hyde,1.0% Slope - Access Via Elevator,Yes,"94109",666 Ellis St 94109 ,"37.784588","-122.417239","1","0","0","0","0","1","1","0"
Pct 7528,Cadillac Hotel - Lobby,380 Eddy St,Btw Jones & Leavenworth,1.1% Slope,Yes,"94102",380 Eddy St 94102 ,"37.783947","-122.4139419","1","0","0","0","0","0","1","0"
Pct 7529,Faithful Fools,234 Hyde St,Btw Eddy & Turk,0.1% Slope,Yes,"94102",234 Hyde St 94102 ,"37.7830581","-122.4155217","1","1","0","0","0","0","1","0"
Pct 7531,Hampton Court,378 Golden Gate Ave,Between Hyde & Larkin,5.5% Slope,Yes,"94102",378 Golden Gate Ave 94102 ,"37.7818296","-122.4168057","1","0","0","0","0","0","1","0"
Pct 7532,Civic Center Residence - Front Lobby,44 Mc Allister St,Btw Jones & Leavenworth,5.8% Slope,Yes,94102-3895,44 Mc Allister St 94102-3895 ,"37.7812485","-122.4127915","1","0","0","0","0","0","1","0"
Pct 7533,Glide Memorial Church - 2nd Floor Sanctuary,330 Ellis St,Btw Taylor & Jones,2.0% Slope - Access Via Elevator,Yes,"94102",330 Ellis St 94102 ,"37.785137","-122.4116548","1","0","0","0","0","0","1","0"
Pct 7534,Boeddeker Park & Clubhouse - Meeting Room,246 Eddy St,Btw Jones & Taylor,8.3% Slope - Ramped Access,Yes,"94102",246 Eddy St 94102 ,"37.784314","-122.4118402","1","0","0","0","0","0","1","0"
Pct 7601,N F X Office - Front Lobby,34 Page St,Btw Franklin & Gough,0.9% Slope,Yes,"94102",34 Page St 94102 ,"37.7743646","-122.4214481","0","0","0","0","0","0","0","0"
Pct 7602,Human Services Agency - Born Auditorium,170 Otis St,Btw Duboce & Mc Coppin,5.5% Slope,Yes,"94103",170 Otis St 94103 ,"37.7704506","-122.4211539","1","0","0","0","0","0","0","0"
Pct 7603,Fox Plaza - Fitness Center,1390 Market St,Btw Polk & Larkin,7.1% Slope - Ramped Access,Yes,"94102",1390 Market St 94102 ,"37.7775431","-122.4171289","0","0","0","0","0","0","0","0"
Pct 7604,S F Department Of Public Works - Forum Gallery,49 S Van Ness Ave,Btw Market & Mission,3.9% Slope,Yes,"94103",49 S Van Ness Ave 94103 ,"37.7742557","-122.4187757","1","0","0","0","0","0","0","0"
Pct 7605,The Arc San Francisco - Gallery 1,1500 Howard St,Btw Lafayette & 11th St,6.3% Slope,Yes,"94103",1500 Howard St 94103 ,"37.7729307","-122.4155889","0","0","0","0","0","0","0","0"
Pct 7606,Hostwell Warehouse,758 Natoma St,Btw 8th & 9th Sts,8.3% Slope,Yes,"94103",758 Natoma St 94103 ,"37.7760009","-122.4132118","1","0","0","0","0","0","0","0"
Pct 7607,Tenderloin Neighborhood Develop - Lobby,1346 Folsom St,Btw 9th St & Dore,2.3% Slope,Yes,94103-3819,1346 Folsom St 94103-3819 ,"37.773558","-122.412275","0","0","0","0","0","0","0","0"
Pct 7608,Lighthouse For The Blind - 10th Floor - Rm 1020 B,1155 Market St,Btw 7th & 8th Sts,2.5% Slope - Access Via Elevator,Yes,"94103",1155 Market St 94103 ,"37.7795596","-122.4135326","0","0","0","0","0","0","0","0"
Pct 7609,West Bay Pilipino Multi Service Center,175 7th St,Btw Natoma & Howard,2.4% Slope,Yes,94103-2835,175 7th St 94103-2835 ,"37.7783802","-122.4096813","1","0","0","0","0","0","0","0"
Pct 7611,St Michael Ukrainian Orthodox Church - Main Hallway,345 7th St,Enter On Cleveland Btw 7th St & Sherman,3.7% Slope,Yes,"94103",345 7th St 94103 ,"37.7763453","-122.4068843","0","0","0","0","0","0","0","0"
Pct 7612,S O M Arts Cultural Center,934 Brannan St,Btw 8th And 9th Sts,8.1% Slope - Ramped Access,Yes,"94103",934 Brannan St 94103 ,"37.770864","-122.4062721","0","0","0","0","0","0","0","0"
Pct 7613,Firehouse #29 - Left Bay,299 Vermont St,Enter On Corner Of Vermont At 16th St,5.2% Slope,Yes,"94103",299 Vermont St 94103 ,"37.7661867","-122.4043841","1","0","0","0","0","0","0","0"
Pct 7614,1066 Mission St - Senior Common Room,1066 Mission St,Btw 6th St & 7th St,1.4% Slope,Yes,"94103",1066 Mission St 94103 ,"37.7802697","-122.4100075","0","0","0","0","0","0","0","0"
Pct 7615,Mercy Housing - Lobby,1028 Howard St,Btw Russ & 6th St,0.8% Slope,Yes,94103-2865,1028 Howard St 94103-2865 ,"37.7793674","-122.4080126","1","0","0","0","0","0","0","0"
Pct 7616,Bessie Carmichael School - Room 121,375 7th St,Btw Harrison & Cleveland,3.9% Slope,Yes,"94103",375 7th St 94103 ,"37.7762053","-122.4065524","0","0","0","0","0","0","0","0"
Pct 7617,Hoogasian Flowers - Display Area,615 7th St,Btw Townsend & Brannan,2.8% Slope,Yes,94103-4910,615 7th St 94103-4910 ,"37.7729741","-122.402566","0","0","0","0","0","0","0","0"
Pct 7618,Crescent Cove / Avanath - Community Room,420 Berry St,Btw Mission Bay & King,8.2% Slope - Ramped Access,Yes,"94158",420 Berry St 94158 ,"37.7716988","-122.3996896","1","0","0","0","0","0","0","0"
Pct 7619,Mission Creek Senior - Community Room,225 Berry St,Btw 4th & 5th Sts,3.5% Slope,Yes,"94158",225 Berry St 94158 ,"37.7750855","-122.3935222","1","0","0","0","0","0","0","0"
Pct 7621,Mission Creek Park Pavilion,290 Channel St,Btw Corinne Woods & 4th St,3.3% Slope,Yes,"94158",290 Channel St 94158 ,"37.7731399","-122.3937111","1","0","0","0","0","0","0","0"
Pct 7622,U C S F Housing - Comm Room,1505 4th St,Enter At Nelson Rising Lane Btw 3rd & 4th Sts,5.0% Slope,Yes,94158-2268,1505 4th St 94158-2268 ,"37.769334","-122.390906","0","0","0","0","0","0","0","0"
Pct 7623,The Rose Hotel - Community Room,125 6th St,Btw Minna & Mission,1.2% Slope,Yes,"94103",125 6th St 94103 ,"37.7808133","-122.4080364","0","0","0","0","0","0","0","1"
Pct 7624,Firehouse #1 - Center Bay,935 Folsom St,Btw 5th St & Falmouth,1.5% Slope,Yes,"94107",935 Folsom St 94107 ,"37.7794358","-122.4041028","1","0","0","0","0","0","0","0"
Pct 7625,Clementina Towers - Community Room,320 Clementina St,Btw Gallagher & 4th St,4.8% Slope,Yes,"94103",320 Clementina St 94103 ,"37.7822478","-122.4026162","1","0","0","0","0","0","0","1"
Pct 7626,Salvation Army Silvercrest Residence - Lobby,133 Shipley St,Btw 4th & 5th Sts,4.9% Slope,Yes,"94107",133 Shipley St 94107 ,"37.7807681","-122.4011537","1","0","0","0","0","0","0","0"
Pct 7627,Firehouse #8 - Chief's Bay,36 Bluxome St,Btw 4th & 5th Sts,5.3% Slope,Yes,"94107",36 Bluxome St 94107 ,"37.7772832","-122.3967827","0","0","0","0","0","0","0","0"
Pct 7628,Rich Sorro Commons - Lobby,225 King St,Btw 3rd & 4th Sts,0.5% Slope,Yes,"94107",225 King St 94107 ,"37.7771199","-122.3924748","0","1","0","0","0","0","0","0"
Pct 7629,Studio At Verde - 3rd Floor Workspace,365 Toni Stone Xing,Btw Dr. Maya Angelou Lane & Bridgeview Way,1.4% Slope - Access Via Elevator,Yes,"94158",365 Toni Stone Xing 94158 ,"37.7752527","-122.3885505","1","0","0","0","0","0","0","0"
Pct 7631,Museum Of Modern Art - Phyllis Wattis Theater,151 3rd St,Btw Minna And Howard Sts,0.8% Slope,Yes,"94103",151 3rd St 94103 ,"37.7858686","-122.400667","0","0","0","0","0","0","0","0"
Pct 7632,Mendelsohn House - Activities Room,747 Folsom St,Btw Mabini & 3rd Sts,1.2% Slope,Yes,"94107",747 Folsom St 94107 ,"37.7827084","-122.400073","1","0","0","0","0","0","0","0"
Pct 7633,"Multistudio, Inc",156 South Park,Btw 3rd St & Jack London Alley,1.8% Slope,Yes,"94107",156 South Park 94107 ,"37.7813057","-122.3947435","0","0","0","0","0","0","0","0"
Pct 7634,S F F D Headquarters,698 2nd St,Corner Of 2nd & Townsend,8.3% Slope - Ramped Access,Yes,94107-2015,698 2nd St 94107-2015 ,"37.7805142","-122.3911965","0","0","0","0","0","0","0","0"
Pct 7635,Steamboat Point Apartments - Community Room,10 King St,Btw 2nd & Townsend,2.9% Slope,Yes,"94107",10 King St 94107 ,"37.7815514","-122.38875","1","0","0","0","0","0","0","0"
Pct 7636 MB,Precinct does not have an assigned polling place as authorized under CAEC § 3005,,,,,,  ,,,,,,,,,,
Pct 7637,The Commonwealth Club,115 Steuart St,Btw Mission & Howard,0.8% Slope,Yes,"94105",115 Steuart St 94105 ,"37.7930947","-122.3928127","1","0","0","0","0","0","0","0"
Pct 7638,Natalie Gubb Commons - Community Room,255 Fremont St,Btw Folsom & Howard,1.5% Slope,Yes,"94105",255 Fremont St 94105 ,"37.7886871","-122.3941216","1","0","0","0","0","0","0","0"
Pct 7639,Rene Cazenave Apartments - Program Rm,25 Essex St,Btw Folsom & Harrison,0.4% Slope,Yes,"94105",25 Essex St 94105 ,"37.7864889","-122.3951353","0","0","0","0","0","0","0","0"
Pct 7641,Rincon Green Apartments - Lobby,333 Harrison St,Btw Main & Fremont,6.2% Slope,Yes,"94105",333 Harrison St 94105 ,"37.7862909","-122.3914178","0","0","0","0","0","0","0","0"
Pct 7642,Metropolitan Transportation Commission - Temazcal Rm 102,375 Beale St,Btw Harrison & Folsom,1.6% Slope,Yes,"94105",375 Beale St 94105 ,"37.7879489","-122.3915356","0","0","0","0","0","0","0","0"
Pct 7643,The Infinity,301 Main St,Btw Folsom & Harrison,4.2% Slope,Yes,"94105",301 Main St 94105 ,"37.7895974","-122.3911965","0","0","0","0","0","0","0","0"
Pct 7644,Delancey Street - Store Space,600 The Embarcadero,Btw Brannan & Townsend,4.2% Slope,Yes,"94107",600 The Embarcadero 94107 ,"37.7843081","-122.3885411","0","0","0","0","0","0","0","0"
Pct 7645,Ship Shape Community Center,850 Avenue I,Btw 9th & 10th Sts,7.7% Slope,Yes,"94130",850 Avenue I 94130 ,"37.8275228","-122.3688708","0","0","0","0","0","0","0","0"
Pct 7701,Garage,99 Saint Germain Ave,Btw Mountain Spring & Palo Alto,1.6% Slope,Yes,"94114",99 Saint Germain Ave 94114 ,"37.7572889","-122.450172","0","0","0","0","0","0","1","0"
Pct 7702,Firehouse #20 - Left Bay,285 Olympia Way,Corner Of Clarendon & Olympia,1.5% Slope,Yes,"94131",285 Olympia Way 94131 ,"37.7511679","-122.4562017","0","0","0","0","0","0","1","0"
Pct 7703,Forest Hill Christian Church - Lobby,250 Laguna Honda Blvd,Btw Plaza & Clarendon,8.3% Slope - Ramped Access,Yes,94116-1409,250 Laguna Honda Blvd 94116-1409 ,"37.750066","-122.4612501","0","0","0","0","0","0","0","0"
Pct 7704,Herbert Hoover Middle School - Auditorium Lobby,2290 14th Ave,Enter 14th Ave At Santiago,8.3% Slope - Access Via Elevator,Yes,"94116",2290 14th Ave 94116 ,"37.7460185","-122.469424","0","0","0","0","0","0","0","0"
Pct 7705,Covenant Presbyterian Church - Portalhurst Hall,321 Taraval St,Btw Funston & 14th Ave,4.3% Slope,Yes,"94116",321 Taraval St 94116 ,"37.7430977","-122.4695244","1","0","0","0","0","0","0","0"
Pct 7706,Garage,261 Wawona St,Btw 14th Ave And Vicente,6.2% Slope,Yes,"94127",261 Wawona St 94127 ,"37.7389504","-122.4688718","0","0","0","0","0","0","0","0"
Pct 7707,Garage,44 Vasquez Ave,Btw Hernandez & Laguna Honda,5.6% Slope,Yes,"94127",44 Vasquez Ave 94127 ,"37.7459925","-122.4587284","0","0","0","0","0","0","0","0"
Pct 7708,Commodore Sloat Elementary School - Lobby,50 Darien Way,Btw Junipero Serra & San Fernando,5.7% Slope - Ramped Access,Yes,"94127",50 Darien Way 94127 ,"37.7316529","-122.4711882","1","0","0","0","0","0","0","0"
Pct 7709,Firehouse #39 - Left Bay,1091 Portola Dr,Marne & Rex,6.5% Slope,Yes,"94127",1091 Portola Dr 94127 ,"37.7400312","-122.4586575","0","0","0","0","0","0","0","0"
Pct 7711,Miraloma Elementary School - Gym,175 Omar Way,Btw Myra & Rockdale,5.0% Slope,Yes,"94127",175 Omar Way 94127 ,"37.738836","-122.4502182","0","0","0","0","0","0","0","0"
Pct 7712,Aptos Middle School - Room 231,105 Aptos Ave,Enter On Upland At San Aleso,3.8% Slope,Yes,"94127",105 Aptos Ave 94127 ,"37.7297669","-122.4658285","1","0","0","0","0","0","0","0"
Pct 7713,Garage,19 Maywood Dr,Btw Yerba Buena & Ravenwood,4.1% Slope,Yes,"94127",19 Maywood Dr 94127 ,"37.7353999","-122.4615099","0","0","0","0","0","0","0","0"
Pct 7714,Garage,111 Robinhood Dr,Btw Lansdale & Lansdale,4.3% Slope,Yes,"94127",111 Robinhood Dr 94127 ,"37.7370277","-122.4568094","0","0","0","0","0","0","0","0"
Pct 7715,Garage,390 Melrose Ave,Corner Of Gennessee & Melrose,6.0% Slope,Yes,"94127",390 Melrose Ave 94127 ,"37.733931","-122.4512134","0","0","0","0","0","0","0","0"
Pct 7716,Garage,366 Marietta Dr,Btw Arroyo Way & Teresita Blvd,5.4% Slope,Yes,"94127",366 Marietta Dr 94127 ,"37.7391838","-122.4442443","0","0","0","0","0","0","0","0"
Pct 7717,Garage,168 Dorado Ter,Btw Dorado Ter & Dead End,7.8% Slope,Yes,"94112",168 Dorado Ter 94112 ,"37.7269684","-122.4619398","1","0","0","0","0","0","0","0"
Pct 7718,Ingleside Branch Library - Program Room,1298 Ocean Ave,Btw Plymouth And Brighton,3.0% Slope,Yes,94112-1831,1298 Ocean Ave 94112-1831 ,"37.7242001","-122.456279","1","0","0","0","0","0","0","0"
Pct 7719,Garage,295 Valdez Ave,Btw Mangels & Monterey,8.3% Slope,Yes,"94127",295 Valdez Ave 94127 ,"37.7324903","-122.4562887","0","0","0","0","0","0","0","0"
Pct 7801,Garage,366 Roosevelt Way,Btw Masonic & Levant,5.7% Slope,Yes,"94114",366 Roosevelt Way 94114 ,"37.7652565","-122.4427207","0","0","0","0","0","0","0","0"
Pct 7802,Randall Museum - Buckley Redwood Room,199 Museum Way,Cross Street - Roosevelt Way,6.3% Slope,Yes,"94114",199 Museum Way 94114 ,"37.7644234","-122.4382085","0","0","0","0","0","0","0","0"
Pct 7803,Mckinley Elementary School - Room 232,1025 14th St,Btw Divisadero & Roosevelt,1.3 % Slope,Yes,"94114",1025 14th St 94114 ,"37.7669759","-122.4365134","0","0","0","0","0","0","0","0"
Pct 7804,Garage,2286 15th St,Btw Castro & Noe,4.8% Slope,Yes,"94114",2286 15th St 94114 ,"37.76596","-122.435143","0","0","0","0","0","0","0","0"
Pct 7805,Harvey Milk Recreation Center,50 Scott St,Btw Waller & Duboce,5.2% Slope,Yes,"94117",50 Scott St 94117 ,"37.7696087","-122.4346808","0","0","0","0","0","0","0","0"
Pct 7806,25 Sanchez Apartments - Community Room,25 Sanchez St,Btw Duboce & 14th St,7.8% Slope - Ramped Access,Yes,"94114",25 Sanchez St 94114 ,"37.7689424","-122.4310199","0","0","0","0","0","0","0","0"
Pct 7807,The S F L G B T Center - Lobby,1800 Market St,Btw Octavia & Laguna,0.9% Slope,Yes,"94102",1800 Market St 94102 ,"37.7716881","-122.4240297","0","0","0","0","0","0","0","0"
Pct 7808,Garage,139 Corbett Ave,Btw Hattie & Danvers,7.5% Slope,Yes,"94114",139 Corbett Ave 94114 ,"37.7614836","-122.4414124","0","0","0","0","0","0","0","0"
Pct 7809,Garage,128 Eureka St,Btw 18th & 19th Sts,3.7% Slope,Yes,"94114",128 Eureka St 94114 ,"37.7601533","-122.4385083","0","0","0","0","0","0","0","0"
Pct 7811,Garage,160 Ord St,Corner Of Market & Corbett,3.2% Slope,Yes,"94114",160 Ord St 94114 ,"37.7612548","-122.4403438","0","0","0","0","0","0","0","0"
Pct 7812,Garage,48 Pond St,Btw 16th & 17th Sts,4.0% Slope,Yes,"94114",48 Pond St 94114 ,"37.7634539","-122.4323947","0","0","0","0","0","0","0","0"
Pct 7813,Garage,172 Landers St,Btw 15th & 16th St,1.9% Slope,Yes,"94103",172 Landers St 94103 ,"37.7651066","-122.4278751","0","0","0","0","0","0","0","0"
Pct 7814,Chan National Queer Arts Center - Conference Room,170 Valencia St,Btw Mc Coppin & Duboce,4.5% Slope,Yes,"94103",170 Valencia St 94103 ,"37.7704399","-122.4228723","0","0","0","0","0","0","0","0"
Pct 7815,Garage,71 Landers St,Btw 14th & 15th Sts,4.6% Slope,Yes,"94114",71 Landers St 94114 ,"37.7667151","-122.4275566","0","0","0","0","0","0","0","0"
Pct 7816,Everett Middle School - Rm 165,450 Church St,Btw 16th & 17th Sts,8.3% Slope - Ramped Access,Yes,"94114",450 Church St 94114 ,"37.7637849","-122.4290757","0","0","0","0","0","0","0","0"
Pct 7817,Boys & Girls Club - Dance Studio,450 Guerrero St,Btw 16th & 17th Sts,1.8% Slope,Yes,"94110",450 Guerrero St 94110 ,"37.7638254","-122.4242981","0","0","0","0","0","0","0","0"
Pct 7818,Rooftop Mayeda Campus - Lobby,500 Corbett Ave,Corner Of Iron Alley & Corbett,4.8% Slope,Yes,"94114",500 Corbett Ave 94114 ,"37.7575012","-122.4447333","0","0","0","0","0","0","0","0"
Pct 7819,Garage,65 Grand View Ave,Romain & Grand View Terrace,8.0% Slope,Yes,94114-2741,65 Grand View Ave 94114-2741 ,"37.7568287","-122.4405517","0","0","0","0","0","0","0","0"
Pct 7821,Eureka Valley Rec Ctr - Multi Purpose Rm,100 Collingwood St,Btw 18th & 19th Sts,7.6% Slope - Ramped Access,Yes,"94114",100 Collingwood St 94114 ,"37.7602836","-122.436417","0","0","0","0","0","0","0","0"
Pct 7822,Garage,515 Noe St,Btw 18th & 19th Sts,6.1% Slope,Yes,"94114",515 Noe St 94114 ,"37.7607164","-122.4325701","0","0","0","0","0","0","0","0"
Pct 7823,Garage,3824 22nd St,Btw Noe & Castro,8.1% Slope,Yes,"94114",3824 22nd St 94114 ,"37.7547634","-122.4332821","0","0","0","0","0","0","0","0"
Pct 7824,Theresa S. Mahler School - Room 4,990 Church St,Btw 22nd St & Hill St,0.3% Slope,Yes,94114-3044,990 Church St 94114-3044 ,"37.755269","-122.4280457","0","0","0","0","0","0","0","0"
Pct 7825,Garage,708 Guerrero St,Btw 19th St & Cumberland St,4.3% Slope,Yes,"94110",708 Guerrero St 94110 ,"37.7597423","-122.423916","0","0","0","0","0","0","0","0"
Pct 7826,Garage,264 Glenview Dr,Near Corner Of Burnett,7.2% Slope,Yes,"94131",264 Glenview Dr 94131 ,"37.7481673","-122.4456918","0","0","0","0","0","0","0","0"
Pct 7827,Garage - Enter Through Glass Door,885 Corbett Ave,Near Corner Of Hopkins,2.9% Slope,Yes,"94131",885 Corbett Ave 94131 ,"37.7526686","-122.4435611","0","0","0","0","0","0","0","0"
Pct 7828,Firehouse #24 - Left Bay,100 Hoffman Ave,Btw Alvarado & 23rd Sts,2.5% Slope,Yes,"94114",100 Hoffman Ave 94114 ,"37.7531753","-122.4411223","0","0","0","0","0","0","0","0"
Pct 7829,Garage,4323 23rd St,Btw Hoffman & Douglass St,5.5% Slope,Yes,"94114",4323 23rd St 94114 ,"37.7524052","-122.4394782","0","0","0","0","0","0","0","0"
Pct 7831,Alvarado Elementary School - Motor Skills Rm,625 Douglass St,Enter On 22nd St Btw Douglass & Eureka,5.6% Slope - Ramped Access,Yes,"94114",625 Douglass St 94114 ,"37.7534167","-122.4379036","0","0","0","0","0","0","0","0"
Pct 7832,Noe Valley Branch Library - Program Room,451 Jersey St,Btw Diamond & Castro,4.0% Slope,Yes,"94114",451 Jersey St 94114 ,"37.7502378","-122.4350974","0","0","0","0","0","0","0","0"
Pct 7833,Garage,368 Jersey St,Btw Castro & Noe,1.9% Slope,Yes,"94114",368 Jersey St 94114 ,"37.7507143","-122.4333224","0","0","0","0","0","0","0","0"
Pct 7834,Edison Charter Academy - Auditorium,3531 22nd St,Btw Dolores & Chattanooga,0.9% Slope,Yes,"94114",3531 22nd St 94114 ,"37.7549088","-122.4260918","0","0","0","0","0","0","0","0"
Pct 7835,Firehouse #11 - Right Bay,3880 26th St,Btw Church & Dolores,5.0% Slope,Yes,"94131",3880 26th St 94131 ,"37.7488144","-122.4264882","0","0","0","0","0","0","0","0"
Pct 7836,Garage,286 Fair Oaks St,Btw 23rd & 24th Sts,5.9% Slope,Yes,"94110",286 Fair Oaks St 94110 ,"37.75213","-122.424263","0","0","0","0","0","0","0","0"
Pct 7837,Holy Innocents Episcopal Church - Sanctuary,455 Fair Oaks St,Btw 25th & 26th Sts,8.1% Slope - Ramped Access,Yes,"94110",455 Fair Oaks St 94110 ,"37.7494059","-122.4234663","0","0","0","0","0","0","0","0"
Pct 7838,Casa De Vida Apartments - Garage,5157 Diamond Heights Blvd,Btw Safira & Carnelian,7.4% Slope,Yes,"94131",5157 Diamond Heights Blvd 94131 ,"37.74693","-122.4402","0","0","0","0","0","0","0","0"
Pct 7839,Garage,829 Duncan St,Btw Diamond Heights & Douglass,6.6% Slope,Yes,"94131",829 Duncan St 94131 ,"37.7453045","-122.4386642","0","0","0","0","0","0","0","0"
Pct 7841,Garage,1421 Diamond St,Btw Duncan & 27th St,3.0% Slope,Yes,"94131",1421 Diamond St 94131 ,"37.7460519","-122.4355949","0","0","0","0","0","0","0","0"
Pct 7842,Garage,1576 Sanchez St,Btw 29th St & Valley,4.3% Slope,Yes,"94131",1576 Sanchez St 94131 ,"37.7438972","-122.4292281","0","0","0","0","0","0","0","0"
Pct 7843,Garage,1532 Church St,Btw 27th St & Duncan St,8.1% Slope,Yes,"94131",1532 Church St 94131 ,"37.7463586","-122.427172","0","0","0","0","0","0","0","0"
Pct 7844,Upper Noe Recreation Center - Lobby,295 Day St,Btw Sanchez & Church,8.3% Slope - Ramped Access,Yes,"94131",295 Day St 94131 ,"37.7425705","-122.4277903","0","0","0","0","0","0","0","0"
Pct 7845,Garage,181 27th St,Btw Dolores & Guerrero,5.5% Slope,Yes,"94110",181 27th St 94110 ,"37.7468651","-122.4240882","0","0","0","0","0","0","0","0"
Pct 7846,Goldmine Hill Homeowners Assoc - Rec Rm,43 Ora Way,Btw Goldmine & Topaz,5.3% Slope,Yes,94131-2531,43 Ora Way 94131-2531 ,"37.7414645","-122.4376499","0","0","0","0","0","0","0","0"
Pct 7847,Garage,287 Sussex St,Btw Swiss & Van Buren,1.4% Slope,Yes,"94131",287 Sussex St 94131 ,"37.7364526","-122.4378435","0","0","0","0","0","0","0","0"
Pct 7848,Garage,53 Digby St,Btw Everson North & Everson South,0.4% Slope,Yes,"94131",53 Digby St 94131 ,"37.7394725","-122.4325796","0","0","0","0","0","0","0","0"
Pct 7849,Garage,209 Randall St,Btw Whitney & Sanchez,5.0% Slope,Yes,"94131",209 Randall St 94131 ,"37.7396498","-122.4280845","0","0","0","0","0","0","0","0"
Pct 7851,Garage,126 Chenery St,Btw Randall & Fairmount,8.3% Slope,Yes,"94131",126 Chenery St 94131 ,"37.7394147","-122.4258409","0","0","0","0","0","0","0","0"
Pct 7852,Glen Park Library - Program Room,2825 Diamond St,Btw Bosworth & Wilder,1.3% Slope - Access Via Elevator,Yes,"94131",2825 Diamond St 94131 ,"37.7339608","-122.4336942","0","0","0","0","0","0","0","0"
Pct 7853,Garage,67 Richland Ave,Btw Mission & Arlington,3.8% Slope,Yes,94110-5830,67 Richland Ave 94110-5830 ,"37.736175","-122.4250869","0","1","0","0","0","0","0","0"
Pct 7854,Mission Y M C A - Conference Room,4080 Mission St,Btw Bosworth & Trumbull,1.8% Slope,Yes,"94112",4080 Mission St 94112 ,"37.73237","-122.42786","0","1","0","0","0","0","0","0"
Pct 7901,Valencia Gardens - Community Room,390 Valencia St,Enter Off Valencia At The Corner Of 15th St,1.6% Slope,Yes,"94103",390 Valencia St 94103 ,"37.7671244","-122.4230122","1","1","0","0","0","0","0","0"
Pct 7902,Arriba Juntos - Computer Lab,1850 Mission St,Btw 14th & 15th Sts,1.3% Slope,Yes,"94103",1850 Mission St 94103 ,"37.7674178","-122.4200709","0","1","0","0","0","0","0","0"
Pct 7903,La Raza Community Resource Center - Room 160,474 Valencia St,Btw 15th & 16th Sts,7.7% Slope,Yes,"94103",474 Valencia St 94103 ,"37.7653907","-122.4224409","0","1","0","0","0","0","0","0"
Pct 7904,Mission Hiring Hall,3080 16th St,Btw Valencia & Caledonia,0.6% Slope,Yes,94103-3417,3080 16th St 94103-3417 ,"37.7651333","-122.421543","1","1","0","0","0","0","0","0"
Pct 7905,U C S F Mission Center - Confer Rm #126,1855 Folsom St,Enter On 15th St Btw Folsom & Harrison,8.3% Slope - Ramped Access,Yes,"94103",1855 Folsom St 94103 ,"37.7673395","-122.4150481","1","1","0","0","0","0","0","0"
Pct 7906,Heath Ceramics,2900 18th St,Btw Florida & Alabama,8.1% Slope - Ramped Access,Yes,"94110",2900 18th St 94110 ,"37.7620565","-122.4116251","0","1","0","0","0","0","0","0"
Pct 7907,Apartamentos De La Esperanza - Garage,3590 19th St,Enter Off Guerrero Btw 18th & 19th Sts,4.4% Slope,Yes,"94110",3590 19th St 94110 ,"37.7602118","-122.4234549","0","1","0","0","0","0","0","0"
Pct 7908,Ana's Salon,2248 Mission St,Btw 18th & 19th Sts,5.8% Slope,Yes,94110-1812,2248 Mission St 94110-1812 ,"37.7610594","-122.4196717","1","1","0","0","0","0","0","0"
Pct 7909,Bethany Center - Multi Purpose Room,580 Capp St,Btw 20th & 21st St,8.3% Slope - Ramped Access,Yes,"94110",580 Capp St 94110 ,"37.75746","-122.4181638","1","1","0","0","0","0","0","0"
Pct 7911,Firehouse #7 - Right Bay,2300 Folsom St,Enter On 19th St Btw Folsom & Shotwell,4.1% Slope,Yes,"94110",2300 Folsom St 94110 ,"37.7600155","-122.4153568","0","1","0","0","0","0","0","0"
Pct 7912,Mission Language And Vocational School,701 Alabama St,Btw 19th & 20th Sts,0.4% Slope,Yes,"94110",701 Alabama St 94110 ,"37.7599503","-122.4114925","0","1","0","0","0","0","0","0"
Pct 7913,C C S F - Mission Center - Main Lobby,1125 Valencia St,Btw 22nd & 23rd Sts,5% Slope,Yes,"94110",1125 Valencia St 94110 ,"37.7548283","-122.420623","0","1","0","0","0","0","0","0"
Pct 7914,Mission United Presbyterian Church - Social Hall,3261 23rd St,Between Capp & Mission Sts,8.0% Slope,Yes,"94110",3261 23rd St 94110 ,"37.7536645","-122.4177471","0","1","0","0","0","0","0","0"
Pct 7915,Mission Arts Center - 2nd Floor Auditorium,745 Treat Ave,Btw 20th & 21st Sts,6.0% Slope - Access Via Elevator,Yes,"94110",745 Treat Ave 94110 ,"37.7582","-122.4133892","0","1","0","0","0","0","0","0"
Pct 7916,Accion Latina - Lobby,2958 24th St,Btw Harrison & Alabama,2.5% Slope,Yes,"94110",2958 24th St 94110 ,"37.7528519","-122.4113258","0","1","0","0","0","0","0","0"
Pct 7917,Garage,2700 22nd St,Corner Of York & 22nd Sts,8.1% Slope,Yes,"94110",2700 22nd St 94110 ,"37.7562599","-122.408681","0","1","0","0","0","0","0","0"
Pct 7918,Templo De La Fe - Church Lobby,1220 Valencia St,Btw 23rd & 24th Sts,1.0% Slope,Yes,94110-3029,1220 Valencia St 94110-3029 ,"37.7532371","-122.4211811","0","1","0","0","0","0","0","0"
Pct 7919,Endgames Improv - Storefront,2989 Mission St,Btw 25th & 26th Sts,8.3% Slope,Yes,"94110",2989 Mission St 94110 ,"37.7493979","-122.4179083","0","1","0","0","0","0","0","0"
Pct 7921,Garage,2774 Folsom St,Btw 23rd & 24th Sts,1.2% Slope,Yes,"94110",2774 Folsom St 94110 ,"37.7528821","-122.4144616","1","1","0","0","0","0","0","0"
Pct 7922,Garfield Square Rec Center - Multi Purpose Rm,1271 Treat Ave,Btw 25th & 26th Sts,1.7% Slope,Yes,"94110",1271 Treat Ave 94110 ,"37.7501469","-122.4120428","0","1","0","0","0","0","0","0"
Pct 7923,Brava Theater - Cabaret Room,2773 24th St,Btw York & Hampshire,6.9% Slope,Yes,"94110",2773 24th St 94110 ,"37.7527978","-122.4077477","0","1","0","0","0","0","0","0"
Pct 7924,Garage,2859 25th St,Btw Hampshire & York,7.2% Slope,Yes,"94110",2859 25th St 94110 ,"37.751185","-122.4074595","0","1","0","0","0","0","0","0"
Pct 7925,Garage,45 29th St,Btw Mission & Tiffany,3.4% Slope,Yes,"94110",45 29th St 94110 ,"37.7437623","-122.4217959","0","1","0","0","0","0","0","0"
Pct 7926,Mission Workforce Development - Mission Annex,3125 Mission St,Btw Cesar Chavez & Precita,2.2% Slope,Yes,"94110",3125 Mission St 94110 ,"37.7474182","-122.4183602","0","1","0","0","0","0","0","0"
Pct 7927,Garage,151 Peralta Ave,Btw York & Franconia,2.3% Slope,Yes,"94110",151 Peralta Ave 94110 ,"37.7469839","-122.407891","0","0","0","0","0","0","0","0"
Pct 7928,Garage,28 Mirabel Ave,Btw Coso Ave & Shotwell St,7.5% Slope,Yes,94110-4615,28 Mirabel Ave 94110-4615 ,"37.746141","-122.4169312","0","0","0","0","0","0","0","0"
Pct 7929,Precita Eyes Studio,348 Precita Ave,Btw Treat & Folsom,7.9% Slope,Yes,"94110",348 Precita Ave 94110 ,"37.7466813","-122.4127472","0","0","0","0","0","0","0","0"
Pct 7931,Garage,514 Peralta Ave,Btw Ripley & Esmeralda,6.6% Slope,Yes,"94110",514 Peralta Ave 94110 ,"37.7441725","-122.4088323","0","0","0","0","0","0","0","0"
Pct 7932,Garage,246 Bocana St,Btw Cortland & Eugenia,0.3% Slope,Yes,"94110",246 Bocana St 94110 ,"37.7398578","-122.4184717","0","1","0","0","0","0","0","0"
Pct 7933,Garage,267 Anderson St,Btw Cortland & Eugenia,0.6% Slope,Yes,"94110",267 Anderson St 94110 ,"37.7394587","-122.415036","0","0","0","0","0","0","0","0"
Pct 7934,Garage,1419 Cortland Ave,Btw Bradford & Nebraska,3.3% Slope,Yes,"94110",1419 Cortland Ave 94110 ,"37.7399285","-122.4101267","0","0","0","0","0","0","0","0"
Pct 7935,Garage,176 Highland Ave,Btw Holly Park Cir & Patton,6.6% Slope,Yes,"94110",176 Highland Ave 94110 ,"37.7371375","-122.4218579","0","1","0","0","0","0","0","0"
Pct 7936,Bernal Heights Library - Community Room,500 Cortland Ave,Enter On Andover Btw Cortland & Moultrie,1.8% Slope,Yes,"94110",500 Cortland Ave 94110 ,"37.7388562","-122.4161326","0","0","0","0","0","0","0","0"
Pct 7937,Paul Revere Elementary School - Room 121,555 Tompkins Ave,Enter On Banks Near Corner Of Tompkins,5.5% Slope - Ramped Access,Yes,"94110",555 Tompkins Ave 94110 ,"37.7373016","-122.4131897","0","1","0","0","0","0","0","0"
Pct 7938,Market Heights Apts - Garage,1000 Tompkins Ave,Btw Putnam & Bradford,8.3% Slope - Ramped Access,Yes,"94110",1000 Tompkins Ave 94110 ,"37.7368013","-122.410222","1","1","0","0","0","0","0","0"
Pct 7939,St Mary's Rec Center - Auditorium,95 Justin Dr,Enter On Murray Past Justin,5.0% Slope,Yes,"94112",95 Justin Dr 94112 ,"37.7341318","-122.4216642","0","1","0","0","0","0","0","0"
Pct 7941,Alemany Apartments - Community Room,560 Alemany Blvd,Enter On Ellsworth Btw Alemany & Crescent,5.0% Slope,Yes,"94110",560 Alemany Blvd 94110 ,"37.7323857","-122.4180418","1","1","0","0","0","0","0","0"
Pct 7942,Hillcrest School - Auditorium,810 Silver Ave,Btw Cambridge & Yale,8.3% Slope - Ramped Access,Yes,"94134",810 Silver Ave 94134 ,"37.728555","-122.4189859","1","1","0","0","0","0","1","0"
Pct 7943,Garage,224 Hale St,Btw Merrill & Boylston,1.8% Slope,Yes,"94134",224 Hale St 94134 ,"37.731994","-122.4097188","1","1","0","0","0","0","0","0"
Pct 7944,Palega Rec Center - Lobby,500 Felton St,Btw Hamilton & Somerset,5.0% Slope,Yes,"94134",500 Felton St 94134 ,"37.7291258","-122.409703","1","1","0","0","0","0","1","0"
Pct 7945,Firehouse #42 - Left Bay,2430 San Bruno Ave,Btw Silliman & Silver,4.2% Slope,Yes,"94134",2430 San Bruno Ave 94134 ,"37.7315881","-122.4055756","1","1","0","0","0","0","1","0"
Pct 7946,Garage,506 Yale St,Near Corner Of Yale & Wayland,2.1% Slope,Yes,"94134",506 Yale St 94134 ,"37.7228797","-122.4160576","1","0","0","0","0","0","1","0"
Pct 7947,Garage,430 Somerset St,Btw Bacon & Wayland,3.1% Slope,Yes,"94134",430 Somerset St 94134 ,"37.7260598","-122.4075591","1","1","0","0","0","0","1","0"
Pct 7948,Garage,801 University St,Corner Of University & Olmstead,3.9% Slope,Yes,"94134",801 University St 94134 ,"37.7202043","-122.4112995","1","0","0","0","0","0","1","0"
Pct 7949,Garage,809 Goettingen St,Btw Olmstead & Mansell,3.9% Slope,Yes,"94134",809 Goettingen St 94134 ,"37.7219289","-122.404362","1","1","0","0","0","0","1","0"
Pct 9101,Firehouse #34 - Left Bay,499 41st Ave,Btw Geary & Point Lobos,2.0% Slope,Yes,"94121",499 41st Ave 94121 ,"37.7794673","-122.5026784","1","0","0","0","0","0","0","0"
Pct 9102,El Mansour Restaurant,3119 Clement St,Btw 32nd & 33rd Ave,1.5% Slope,Yes,"94121",3119 Clement St 94121 ,"37.7814572","-122.4927825","1","0","0","0","0","0","0","0"
Pct 9103,Garage,90 25th Ave,Btw El Camino Del Mar & Scenic,5.1% Slope,Yes,"94121",90 25th Ave 94121 ,"37.7880547","-122.4851175","0","0","0","0","0","0","0","0"
Pct 9104,Presidio Middle School - Auditorium Lobby,450 30th Ave,Btw Clement & Geary,5.2% Slope,Yes,"94121",450 30th Ave 94121 ,"37.7812551","-122.4898217","1","0","0","0","0","0","0","0"
Pct 9105,Rochambeau Playground - Clubhouse,250 25th Ave,Btw California & Lake,4.6% Slope,Yes,"94121",250 25th Ave 94121 ,"37.784839","-122.484544","1","0","0","0","0","0","1","0"
Pct 9106,Garage,463 28th Ave,Btw Geary & Clement,0.4% Slope,Yes,"94121",463 28th Ave 94121 ,"37.7806978","-122.4882174","1","0","0","0","0","0","0","0"
Pct 9107,Garage,142 20th Ave,Btw Lake & California,5.3% Slope,Yes,"94121",142 20th Ave 94121 ,"37.7851868","-122.4795577","0","0","0","0","0","0","1","0"
Pct 9108,Alamo Elementary School - Lobby,250 23rd Ave,Btw Clement & California,7.1% Slope - Ramped Access,Yes,"94121",250 23rd Ave 94121 ,"37.7827982","-122.482038","1","0","0","0","0","0","1","0"
Pct 9109,Richmond Rec Center - Multi Purpose Room,251 18th Ave,Btw California & Clement,2.5% Slope,Yes,"94121",251 18th Ave 94121 ,"37.7833116","-122.4781315","1","0","0","0","0","0","0","0"
Pct 9111,Garage,249 17th Ave,Btw California & Clement,1.0% Slope,Yes,94121-2310,249 17th Ave 94121-2310 ,"37.7833214","-122.4765991","0","0","0","0","0","0","1","0"
Pct 9112,Y M C A Richmond District,360 18th Ave,Btw Geary & Clement,6.7% Slope,Yes,"94121",360 18th Ave 94121 ,"37.781225","-122.4770634","1","0","0","0","0","0","1","0"
Pct 9113,Sutro Elementary School - Cafeteria,235 12th Ave,Btw Clement & California,1.0% Slope,Yes,94118-2103,235 12th Ave 94118-2103 ,"37.7834162","-122.4716131","1","0","0","0","0","0","0","0"
Pct 9114,Richmond Branch Library - Program Room,350 10th Ave,Btw Geary & Clement,3.5% Slope,Yes,"94118",350 10th Ave 94118 ,"37.7818439","-122.468099","1","0","0","0","0","0","0","0"
Pct 9115,Garage,55 6th Ave,Btw Lake St & Mountain Lake Trail,8.3% Slope,Yes,94118-1205,55 6th Ave 94118-1205 ,"37.7875716","-122.4650212","0","0","0","0","0","0","0","0"
Pct 9116,George Peabody School - Library Media Center,251 6th Ave,Enter On 7th Ave Btw Clement & California,4.5% Slope,Yes,"94118",251 6th Ave 94118 ,"37.783858","-122.4649948","1","0","0","0","0","0","0","0"
Pct 9117,St John's Presbyterian Church - Lobby,25 Lake St,Enter At Corner Of Lake & Arguello,8.3% Slope - Ramped Access,Yes,"94118",25 Lake St 94118 ,"37.786767","-122.4599177","0","0","0","0","0","0","0","0"
Pct 9118,Senior Housing - Community Room,345 Arguello Blvd,Btw Cornwall & Clement,1.2% Slope,Yes,"94118",345 Arguello Blvd 94118 ,"37.7842218","-122.4594839","1","0","0","0","0","0","0","0"
Pct 9119,Garage,527 47th Ave,Btw Geary & Anza,1.0% Slope,Yes,"94121",527 47th Ave 94121 ,"37.7783873","-122.5085214","1","0","0","0","0","0","0","0"
Pct 9121,Garage,687 40th Ave,Btw Balboa & Anza Sts,5.5% Slope,Yes,94121-2524,687 40th Ave 94121-2524 ,"37.7759012","-122.5007849","1","0","0","0","0","0","0","0"
Pct 9122,Anza Branch Library - Program Room,550 37th Ave,Btw Geary & Anza,5.6% Slope,Yes,94121-2612,550 37th Ave 94121-2612 ,"37.778557","-122.4972244","1","0","0","0","0","0","0","0"
Pct 9123,Washington High School - Beacon Teen Center,600 32nd Ave,Enter On 30th Ave Btw Anza & Balboa,4.3% Slope,Yes,"94121",600 32nd Ave 94121 ,"37.7778056","-122.4913902","1","0","0","0","0","0","0","0"
Pct 9124,Firehouse #14 - Right Bay,551 26th Ave,Btw Anza & Geary,3.0% Slope,Yes,"94121",551 26th Ave 94121 ,"37.7790053","-122.4859487","1","0","0","0","0","0","0","0"
Pct 9125,Garage,469 23rd Ave,Btw Anza & Geary,6.9% Slope,Yes,"94121",469 23rd Ave 94121 ,"37.7788733","-122.4827013","1","0","0","0","0","0","0","0"
Pct 9126,Self Help For The Elderly - Lobby,5757 Geary Blvd,Btw 21st & 22nd St,3.6% Slope,Yes,"94121",5757 Geary Blvd 94121 ,"37.7800217","-122.4813212","1","0","0","0","0","0","0","0"
Pct 9127,Garage,482 16th Ave,Btw Anza & Geary,8.3% Slope,Yes,"94118",482 16th Ave 94118 ,"37.7789715","-122.4747748","1","0","0","0","0","0","0","0"
Pct 9128,Firehouse #31 - Left Bay,441 12th Ave,Btw Geary & Anza,2.6% Slope,Yes,"94118",441 12th Ave 94118 ,"37.7798712","-122.4710015","1","0","0","0","0","0","0","0"
Pct 9129,Garage,632 11th Ave,Btw Cabrillo & Balboa,2.8% Slope,Yes,"94118",632 11th Ave 94118 ,"37.7763155","-122.469119","1","0","0","0","0","0","0","0"
Pct 9131,Richmond Police Station - Community Room,420 7th Ave,Enter via Muriel Leff Park on 7th Ave btw Geary & Anza,7.1% Slope,Yes,"94118",420 7th Ave 94118 ,"37.7804809","-122.4650598","1","0","0","0","0","0","0","0"
Pct 9132,Garage,590 5th Ave,Btw Balboa & Anza,1.5% Slope,Yes,"94118",590 5th Ave 94118 ,"37.7775049","-122.4627634","1","0","0","0","0","0","0","0"
Pct 9133,Ocean Plants,800 Great Hwy,Enter Via Plaza At La Playa & Cabrillo,6.8% Slope - Ramped Access,Yes,"94121",800 Great Hwy 94121 ,"37.772769","-122.5106982","1","0","0","0","0","0","0","0"
Pct 9134,Garage,734 46th Ave,Btw Balboa & Cabrillo,1.5% Slope,Yes,"94121",734 46th Ave 94121 ,"37.7745996","-122.5066893","1","0","0","0","0","0","0","0"
Pct 9135,Cabrillo Playground - Clubhouse,853 38th Ave,Btw Cabrillo & Fulton,6.8% Slope,Yes,"94121",853 38th Ave 94121 ,"37.7728711","-122.4986803","1","0","0","0","0","0","0","0"
Pct 9136,Garage,3245 Cabrillo St,Btw 33rd & 34th Aves,3.5% Slope,Yes,"94121",3245 Cabrillo St 94121 ,"37.7739044","-122.4936681","1","0","0","0","0","0","0","0"
Pct 9137,Fulton Playground - Fieldhouse,855 27th Ave,Btw Fulton & Cabrillo,4.8% Slope,Yes,94121-3619,855 27th Ave 94121-3619 ,"37.7735596","-122.4869198","1","0","0","0","0","0","0","0"
Pct 9138,Academic & Professional Dev - Room 118,735 24th Ave,Btw Balboa & Cabrillo,6.4% Slope,Yes,"94121",735 24th Ave 94121 ,"37.7756825","-122.483783","1","0","0","0","0","0","0","0"
Pct 9139,Garage,626 20th Ave,Btw Balboa & Cabrillo,0.5% Slope,Yes,"94121",626 20th Ave 94121 ,"37.7760009","-122.478903","1","0","0","0","0","0","0","0"
Pct 9141,Argonne School - Multi Purpose Rm,680 18th Ave,Enter On 17th Ave Btw Balboa & Cabrillo,2.0% Slope,Yes,"94121",680 18th Ave 94121 ,"37.7752506","-122.476521","1","0","0","0","0","0","0","0"
Pct 9142,Golden Gate Church Of Christ - Community Rm,701 8th Ave,Btw Cabrillo & Fulton,2.8% Slope,Yes,"94118",701 8th Ave 94118 ,"37.7750007","-122.4662398","1","0","0","0","0","0","0","0"
Pct 9143,Mccoppin School - Cafeteria,651 6th Ave,Btw Cabrillo & Balboa,5.5% Slope - Ramped Access,Yes,"94118",651 6th Ave 94118 ,"37.7761893","-122.4642902","1","0","0","0","0","0","0","0"
Pct 9144,Garage,738 Arguello Blvd,Btw Golden Gate & Turk,1.1% Slope,Yes,"94118",738 Arguello Blvd 94118 ,"37.7764235","-122.458257","0","0","0","0","0","0","0","0"
Pct 9145,Koret Center - Gymnasium,2975 Turk Blvd,Enter At Turk & Stanyan,13.9% Slope For 1 Foot - Curbside Voting Avail,No,"94118",2975 Turk Blvd 94118 ,"37.7766854","-122.454597","0","0","0","0","0","0","0","0"
Pct 9146,Leo T Mc Carthy Center - Room 116,281 Masonic Ave,Btw Turk Blvd & Anza,8.3% Slope - Ramped Access,Yes,"94118",281 Masonic Ave 94118 ,"37.7789204","-122.4474593","0","0","0","0","0","0","0","0"
Pct 9147 MB,Precinct does not have an assigned polling place as authorized under CAEC § 3005,,,,,,  ,,,,,,,,,,
Pct 9201,Log Cabin,1299 Storey Ave,Btw Lincoln & Ralston,5.0% Slope,Yes,"94129",1299 Storey Ave 94129 ,"37.803846","-122.4731816","0","0","0","0","0","0","0","0"
Pct 9202,Firehouse #51 - Left Bay,218 Lincoln Blvd,Enter From Graham Btw Lincoln & French,5.0% Slope,Yes,"94129",218 Lincoln Blvd 94129 ,"37.8016262","-122.4554315","0","0","0","0","0","0","0","0"
Pct 9203,Garage,1867 Jefferson St,Btw Divisadero & Scott,2.0% Slope,Yes,"94123",1867 Jefferson St 94123 ,"37.8045113","-122.4431816","0","0","0","0","0","0","0","0"
Pct 9204,Garage,49 Casa Way,Btw Avila & Retiro,2.2% Slope,Yes,"94123",49 Casa Way 94123 ,"37.8054584","-122.4389648","0","0","0","0","0","0","0","0"
Pct 9205,Garage,3632 Fillmore St,Btw North Point & Bay,2.8% Slope,Yes,"94123",3632 Fillmore St 94123 ,"37.8033275","-122.4365034","0","0","0","0","0","0","0","0"
Pct 9206,Garage,1259 Bay St,Btw Gough & Franklin,0.5% Slope,Yes,94123-2302,1259 Bay St 94123-2302 ,"37.8035228","-122.4277512","0","0","0","0","0","0","0","0"
Pct 9207,Galileo High School - Room 210,1150 Francisco St,Btw Van Ness & Polk,8.3% Slope,Yes,"94109",1150 Francisco St 94109 ,"37.8036717","-122.4240178","0","0","0","0","0","0","0","0"
Pct 9208,Garage,3201 Baker St,Corner Of Francisco & Baker,6.0% Slope,Yes,"94123",3201 Baker St 94123 ,"37.8005947","-122.4466132","0","0","0","0","0","0","0","0"
Pct 9209,Garage,2248 Francisco St,Btw Scott & Divisadero,6.9% Slope,Yes,"94123",2248 Francisco St 94123 ,"37.8012243","-122.4422352","0","0","0","0","0","0","0","0"
Pct 9211,Moscone Rec Ctr - Community Room,1800 Chestnut St,Btw Webster & Laguna,8.3% Slope - Ramped Access,Yes,"94123",1800 Chestnut St 94123 ,"37.8014516","-122.4328264","0","0","0","0","0","0","0","0"
Pct 9212,Garage,1526 Francisco St,Btw Octavia & Laguna,1.6% Slope,Yes,94123-2292,1526 Francisco St 94123-2292 ,"37.8027233","-122.4305111","0","0","0","0","0","0","0","0"
Pct 9213,Edward I I Youth Housing - Program Room,3155 Scott St,Enter from Scott near corner of Lombard,1.1% Slope,Yes,"94123",3155 Scott St 94123 ,"37.7990134","-122.4411496","0","0","0","0","0","0","0","0"
Pct 9214,Firehouse #16 - Right Bay,2251 Greenwich St,Btw Steiner & Fillmore,2.3% Slope,Yes,"94123",2251 Greenwich St 94123 ,"37.798594","-122.4367447","0","0","0","0","0","0","0","0"
Pct 9215,Garage,1570 Greenwich St,Enter On Franklin At Greenwich,4.2% Slope,Yes,"94123",1570 Greenwich St 94123 ,"37.8003896","-122.425792","0","0","0","0","0","0","0","0"
Pct 9216,Garage,2835 Broadway,Btw Baker & Broderick,5.3% Slope,Yes,"94115",2835 Broadway 94115 ,"37.7877522","-122.4382307","0","0","0","0","0","0","0","0"
Pct 9217,St Vincent De Paul School - Lobby,2350 Green St,Btw Pierce & Steiner,3.0% Slope,Yes,"94123",2350 Green St 94123 ,"37.7962387","-122.43771","0","0","0","0","0","0","0","0"
Pct 9218,Garage,2151 Green St,Btw Fillmore & Webster,4.2% Slope,Yes,"94123",2151 Green St 94123 ,"37.7959505","-122.4346253","0","0","0","0","0","0","0","0"
Pct 9219,Golden Gate Valley Library - Program Rm,1801 Green St,Enter Thru Iron Gate Btw Octavia & Laguna,1.1% Slope - Access Via Elevator,Yes,"94123",1801 Green St 94123 ,"37.7968098","-122.4290512","0","0","0","0","0","0","0","0"
Pct 9221,Garage,1905 Broadway,Btw Laguna & Octavia,5.6% Slope,Yes,"94109",1905 Broadway 94109 ,"37.7959464","-122.4218909","0","0","0","0","0","0","0","0"
Pct 9222,Sherman Elementary School - Library,1651 Union St,Btw Franklin & Gough,8.3% Slope - Ramped Access,Yes,"94123",1651 Union St 94123 ,"37.797808","-122.4261091","0","0","0","0","0","0","0","0"
Pct 9223,Garage,2021 Pacific Ave,Btw Laguna & Octavia,7.1% Slope,Yes,"94109",2021 Pacific Ave 94109 ,"37.7938263","-122.429013","0","0","0","0","0","0","0","0"
Pct 9224,Golden Gate Church - Garage,1901 Franklin St,Enter Off Clay Btw Franklin & Gough,6.9% Slope,Yes,"94109",1901 Franklin St 94109 ,"37.7921817","-122.4247186","0","0","0","0","0","0","0","0"
Pct 9225,Garage,3820 Washington St,Btw Maple & Cherry,2.0% Slope,Yes,"94118",3820 Washington St 94118 ,"37.7892116","-122.4532284","0","0","0","0","0","0","0","0"
Pct 9226,Garage,3565 Washington St,Btw Locust & Laurel,4.3% Slope,Yes,"94118",3565 Washington St 94118 ,"37.7892116","-122.4532284","0","0","0","0","0","0","0","0"
Pct 9227,Jewish Community Center Of S F - Atrium,3200 California St,Btw Presidio & Walnut,1.8% Slope,Yes,"94118",3200 California St 94118 ,"37.7873744","-122.4473988","1","0","0","0","0","0","0","0"
Pct 9228,Waldorf School - Dakin Hall Lobby,2938 Washington St,Btw Broderick & Divisadero,2.0% Slope,Yes,"94115",2938 Washington St 94115 ,"37.7877522","-122.4382307","0","0","0","0","0","0","0","0"
Pct 9229,Firehouse #10 - Left Bay,655 Presidio Ave,Btw Masonic & Euclid,1.5% Slope,Yes,94115-2424,655 Presidio Ave 94115-2424 ,"37.7856317","-122.4468123","0","0","0","0","0","0","0","0"
Pct 9231,Garage,2813 Pine St,Btw Broderick & Baker,3.6% Slope,Yes,"94115",2813 Pine St 94115 ,"37.7866025","-122.442662","0","0","0","0","0","0","0","0"
Pct 9232,Presidio Library - Program Room,3150 Sacramento St,Btw Lyon & Baker,8.3% Slope - Ramped Access,Yes,94115-2006,3150 Sacramento St 94115-2006 ,"37.7888759","-122.4448655","0","0","0","0","0","0","0","0"
Pct 9233,Columbarium,1 Loraine Ct,Off Anza Btw Stanyan & Arguello,4.5% Slope,Yes,94118-4216,1 Loraine Ct 94118-4216 ,"37.7806565","-122.4570622","1","0","0","0","0","0","0","0"
Pct 9234,S F U S D Permit Office - Assembly Room,20 Cook St,Btw Geary & Dead End,8.3% Slope - Ramped Access,Yes,"94118",20 Cook St 94118 ,"37.7834131","-122.4522325","1","0","0","0","0","0","0","0"
Pct 9235,Muni Barn Classroom C,2640 Geary Blvd,Btw Masonic & Presidio,3.6% Slope,Yes,"94118",2640 Geary Blvd 94118 ,"37.7827581","-122.4466526","0","0","0","1","1","0","0","0"
Pct 9236,Wallenberg High School - Cafeteria,40 Vega St,Btw Nido & Anzavista,6.4% Slope,Yes,"94115",40 Vega St 94115 ,"37.7802875","-122.4462815","0","0","0","0","0","0","0","0"
Pct 9237,Pentecostal Temple Church - Dining Room,1915 Mc Allister St,Btw Lyon & Central,1.2% Slope,Yes,"94115",1915 Mc Allister St 94115 ,"37.7770196","-122.443609","0","0","0","0","0","0","0","0"
Pct 9238,Dr. William Cobb Elementary School - Hallway,2725 California St,Btw Scott & Divisadero,8.3% Slope - Ramped Access,Yes,"94115",2725 California St 94115 ,"37.7877487","-122.439609","0","0","0","0","0","0","0","0"
Pct 9239,Senior Housing - Social Room,2698 California St,Enter Scott Btw California & Sacramento,4.8% Slope,Yes,"94115",2698 California St 94115 ,"37.7884855","-122.4386288","0","0","0","0","0","0","0","0"
Pct 9241,Firehouse #38 - Left Bay,2150 California St,Btw Buchanan & Laguna,7.3% Slope,Yes,"94115",2150 California St 94115 ,"37.7896875","-122.4298716","0","0","0","0","0","0","0","0"
Pct 9242,"First Church Of Christ, Scientist - Lobby",1700 Franklin St,Btw Sacramento & California,4.3% Slope,Yes,"94109",1700 Franklin St 94109 ,"37.7905016","-122.4236849","0","0","0","0","0","0","0","0"
Pct 9243,"Korean Center, Inc.- Community Rm",1362 Post St,Btw Gough & Franklin,6.0% Slope,Yes,"94109",1362 Post St 94109 ,"37.7864893","-122.4246676","0","0","0","0","0","0","0","0"
Pct 9301,Norwegian Seaman's Church - Garage,2454 Hyde St,Enter On Francisco Near Corner Of Hyde,8.3% Slope,Yes,"94109",2454 Hyde St 94109 ,"37.8037141","-122.4197557","0","0","0","0","0","0","0","0"
Pct 9302,Garage,2637 Larkin St,Btw Chestnut & Lombard,5.3% Slope,Yes,"94109",2637 Larkin St 94109 ,"37.8023024","-122.4216329","0","0","0","0","0","0","0","0"
Pct 9303,Garage,2412 Polk St,Btw Union & Filbert,2.9% Slope,Yes,"94109",2412 Polk St 94109 ,"37.7990629","-122.422102","0","0","0","0","0","0","0","0"
Pct 9304,Garage,2200 Larkin St,Corner Of Larkin & Green,6.0% Slope,Yes,"94109",2200 Larkin St 94109 ,"37.7982505","-122.4204267","0","0","0","0","0","0","0","0"
Pct 9305,The Church For The Fellowship Of All Peoples,2041 Larkin St,Btw Broadway & Vallejo,1.9% Slope,Yes,"94109",2041 Larkin St 94109 ,"37.7967875","-122.4205378","1","0","0","0","0","0","0","0"
Pct 9306,Garage,1833 Jones St,Btw Green & Vallejo,4.5% Slope,Yes,"94133",1833 Jones St 94133 ,"37.7982554","-122.4156546","0","0","0","0","0","0","0","0"
Pct 9401,Garage,1296 La Playa St,Btw Irving & Lincoln,7.5% Slope,Yes,"94122",1296 La Playa St 94122 ,"37.7622969","-122.509059","1","0","0","0","0","0","1","0"
Pct 9402,Firehouse #23 - Main Bay,1348 45th Ave,Btw Irving & Judah,7.8% Slope,Yes,"94122",1348 45th Ave 94122 ,"37.7614372","-122.5046721","1","0","0","0","0","0","1","0"
Pct 9403,Garage,1342 41st Ave,Btw Irving & Judah,5.3% Slope,Yes,"94122",1342 41st Ave 94122 ,"37.7617125","-122.5004564","1","0","0","0","0","0","0","0"
Pct 9404,S F Korean United Methodist Church - Fellowship Hall,3030 Judah St,Enter On 36th Ave Btw Judah & Irving,5.3% Slope - Ramped Access,Yes,"94122",3030 Judah St 94122 ,"37.7611708","-122.4949428","1","0","0","0","0","0","0","0"
Pct 9405,B Cooperative Design,2548 Judah St,Btw 30th & 31st Aves,6.2% Slope,Yes,"94122",2548 Judah St 94122 ,"37.761333","-122.489669","1","0","0","0","0","0","0","0"
Pct 9406,Garage,2625 Lincoln Way,Btw 27th And 28th Aves,8.3% Slope,Yes,94122-1520,2625 Lincoln Way 94122-1520 ,"37.7648705","-122.4863081","1","0","0","0","0","0","0","0"
Pct 9407,Garage,1239 19th Ave,Btw Irving & Lincoln,2.2% Slope,Yes,"94122",1239 19th Ave 94122 ,"37.7646556","-122.4775555","1","0","0","0","0","0","0","0"
Pct 9408,Garage,4242 Lawton St,Between 48th Ave & Great Hwy,4.5% Slope,Yes,"94122",4242 Lawton St 94122 ,"37.7567722","-122.508513","1","0","0","0","0","0","0","0"
Pct 9409,Francis Scott Key E. S. - Auditorium,1530 43rd Ave,Enter At 43rd Ave & Kirkham,8.3% Slope - Ramped Access,Yes,"94122",1530 43rd Ave 94122 ,"37.7581637","-122.5022503","1","0","0","0","0","0","0","0"
Pct 9411,Holy Name School - Flanagan Ctr,3300 Lawton St,Btw 39th & 40th Aves,6.6% Slope,Yes,"94122",3300 Lawton St 94122 ,"37.7573857","-122.498508","1","0","0","0","0","0","0","0"
Pct 9412,Garage,2935 Judah St,Btw 34th & 35th Aves,8.3% Slope,Yes,"94122",2935 Judah St 94122 ,"37.760805","-122.4937552","1","0","0","0","0","0","0","0"
Pct 9413,Sunset Rec Center - Club Room,2201 Lawton St,Enter At Lawton & 28th Ave,4.2% Slope,Yes,94122-3247,2201 Lawton St 94122-3247 ,"37.7564481","-122.486703","1","0","0","0","0","0","0","0"
Pct 9414,Garage,2226 Kirkham St,Btw 26th & 27th Ave,6.4% Slope,Yes,"94122",2226 Kirkham St 94122 ,"37.7596131","-122.4849088","1","0","0","0","0","0","0","0"
Pct 9415,Sunset Bible Assembly Of God,1690 21st Ave,Btw Lawton & Moraga,1.2% Slope,Yes,"94122",1690 21st Ave 94122 ,"37.7562741","-122.4786156","1","0","0","0","0","0","0","0"
Pct 9416,Garage,3733 Lawton St,Btw 43rd & 44th Aves,2.0% Slope,Yes,"94122",3733 Lawton St 94122 ,"37.7566162","-122.5030829","1","0","0","0","0","0","0","0"
Pct 9417,Sunset Ministry - Fellowship Hall,3010 Noriega St,Btw 37th & 38th Ave,1.1% Slope,Yes,"94122",3010 Noriega St 94122 ,"37.7537372","-122.4960891","1","0","0","0","0","0","0","0"
Pct 9418,Garage,1750 36th Ave,Btw Moraga & Noriega,8.3% Slope,Yes,"94122",1750 36th Ave 94122 ,"37.7543554","-122.4945078","1","0","0","0","0","0","0","0"
Pct 9419,Episcopal Church Of The Incarnation - Library,1750 29th Ave,Btw Noriega & Moraga,8.3% Slope - Ramped Access,Yes,94122-4223,1750 29th Ave 94122-4223 ,"37.7545309","-122.4869506","1","0","0","0","0","0","0","0"
Pct 9421,Adath Israel Synagogue - Social Hall,1851 Noriega St,Btw 25th & 26th Aves,2.1% Slope,Yes,"94122",1851 Noriega St 94122 ,"37.7536495","-122.4838289","1","0","0","0","0","0","0","0"
Pct 9422,N E M S - Lunchroom,1434 Noriega St,Btw 21st & 22nd Ave,3.0% Slope,Yes,"94122",1434 Noriega St 94122 ,"37.7543223","-122.4792302","1","0","0","0","0","0","0","0"
Pct 9423,Sunset Neighborhood Beacon Ctr - Office,3925 Noriega St,Btw 46th & 47th Aves,1.7% Slope,Yes,"94122",3925 Noriega St 94122 ,"37.7526958","-122.5058592","1","0","0","0","0","0","0","0"
Pct 9424,Ortega Branch Library - Program Room,3223 Ortega St,Btw 39th & 40th Aves,3.5% Slope,Yes,"94122",3223 Ortega St 94122 ,"37.7511993","-122.4980965","1","0","0","0","0","0","0","0"
Pct 9425,R. L. Stevenson Elementary School - Main Lobby,2051 34th Ave,Btw Quintara & Pacheco,2.5% Slope,Yes,"94116",2051 34th Ave 94116 ,"37.7487212","-122.4928957","1","0","0","0","0","0","0","0"
Pct 9426,Firehouse #18 - Left Bay,1935 32nd Ave,Btw Pacheco & Ortega,4.7% Slope,Yes,"94116",1935 32nd Ave 94116 ,"37.7509752","-122.4904843","1","0","0","0","0","0","0","0"
Pct 9427,Lycée Francais - Theatre Lobby,1201 Ortega St,Enter On 19th Ave Btw Ortega & Pacheco,5.6% Slope,Yes,"94122",1201 Ortega St 94122 ,"37.7521678","-122.4768083","1","0","0","0","0","0","0","0"
Pct 9428,Garage,2142 47th Ave,Btw Quintara & Rivera,5.2% Slope,Yes,"94116",2142 47th Ave 94116 ,"37.746509","-122.5058174","1","0","0","0","0","0","0","0"
Pct 9429,Garage,2143 42nd Ave,Btw Quintara & Rivera,6.2% Slope,Yes,"94116",2143 42nd Ave 94116 ,"37.7467282","-122.500924","1","0","0","0","0","0","0","0"
Pct 9431,Garage,2186 36th Ave,Btw Rivera & Quintara,7.2% Slope,Yes,"94116",2186 36th Ave 94116 ,"37.7462906","-122.4939576","1","0","1","0","0","0","0","0"
Pct 9432,Garage,2275 32nd Ave,Btw Santiago & Rivera,6.5% Slope,Yes,"94116",2275 32nd Ave 94116 ,"37.744786","-122.4900661","1","0","1","0","0","0","0","0"
Pct 9433,Abraham Lincoln School - Teachers' Lounge,2162 24th Ave,Btw Rivera & Quintara,5.2% Slope,Yes,"94116",2162 24th Ave 94116 ,"37.747273","-122.480993","1","0","0","0","0","0","0","0"
Pct 9434,Garage,1020 Rivera St,Btw 20th & 21st Ave,8.3% Slope,Yes,"94116",1020 Rivera St 94116 ,"37.7469011","-122.4774945","1","0","0","0","0","0","0","0"
Pct 9435,Garage,2362 47th Ave,Btw Santiago & Taraval,8.2% Slope,Yes,"94116",2362 47th Ave 94116 ,"37.7424383","-122.5055256","1","0","0","0","0","0","0","0"
Pct 9436,S F U S D Special Ed Center - Multi Purpose Rm,3045 Santiago St,Btw 41st & 42nd Aves,3.5% Slope,Yes,"94116",3045 Santiago St 94116 ,"37.7436534","-122.4998344","1","0","0","0","0","0","0","0"
Pct 9437,Garage,3728 Ulloa St,Btw 38th & 39th Aves,4.3% Slope,Yes,"94116",3728 Ulloa St 94116 ,"37.7404615","-122.4964318","1","0","0","0","0","0","0","0"
Pct 9438,Far Out Gallery,3004 Taraval St,Btw 40th & 41st Aves,4.9% Slope,Yes,"94116",3004 Taraval St 94116 ,"37.7422414","-122.4984086","1","0","0","0","0","0","0","0"
Pct 9439,Garage,2458 36th Ave,Btw Taraval & Ulloa,5.3% Slope,Yes,"94116",2458 36th Ave 94116 ,"37.7411627","-122.4935922","1","0","1","0","0","0","0","0"
Pct 9441,Eagle Pizza,1712 Taraval St,Btw 27th & 28th Aves,1.8% Slope,Yes,"94116",1712 Taraval St 94116 ,"37.7428725","-122.4845585","1","0","0","0","0","0","0","0"
Pct 9442,Garage,2477 21st Ave,Btw Ulloa & Taraval,8.3% Slope,Yes,"94116",2477 21st Ave 94116 ,"37.7415226","-122.478016","1","0","0","0","0","0","0","0"
Pct 9443,United Irish Cultural Center,2700 45th Ave,Btw Sloat & Wawona,4.3% Slope,Yes,"94116",2700 45th Ave 94116 ,"37.7359598","-122.5028868","1","0","0","0","0","0","0","0"
Pct 9444,Ulloa Elementary School - Gymnasium,2650 42nd Ave,Enter On Vicente Btw 41st & 42nd Aves,8.3% Slope - Ramped Access,Yes,"94116",2650 42nd Ave 94116 ,"37.7370391","-122.4994365","1","0","0","0","0","0","0","0"
Pct 9445,South Sunset Playground - Community Room,2601 40th Ave,Corner Of 40th Ave & Vicente,3.3% Slope,Yes,"94116",2601 40th Ave 94116 ,"37.7380785","-122.4982282","1","0","0","0","0","0","0","0"
Pct 9446,Garage,20 Crestlake Dr,Btw Sloat & Gabilan,5.3% Slope,Yes,"94132",20 Crestlake Dr 94132 ,"37.7351042","-122.4802467","1","0","0","0","0","0","0","0"
Pct 9447,Garage,2579 27th Ave,Btw Vicente & Ulloa,5.0% Slope,Yes,"94116",2579 27th Ave 94116 ,"37.7393584","-122.4843242","1","0","0","0","0","0","0","0"
Pct 9448,Sava Pool - Multipurpose Room,2695 19th Ave,Corner Of 19th Ave & Wawona,5.0% Slope,Yes,94116-3078,2695 19th Ave 94116-3078 ,"37.738366","-122.475901","1","0","0","0","0","0","0","0"
Pct 9449,Garage,472 Country Club Dr,Btw Country Club & Huntington,6.2% Slope,Yes,"94132",472 Country Club Dr 94132 ,"37.7306543","-122.4948661","1","0","0","0","0","0","0","0"
Pct 9451,Garage,410 Gellert Dr,Btw Clearfield & Everglade,4.9% Slope,Yes,"94132",410 Gellert Dr 94132 ,"37.7301454","-122.4907045","1","0","0","0","0","0","0","0"
Pct 9452,Lakeshore Elementary - Lobby,220 Middlefield Dr,Corner Of Eucalyptus & Middlefield,6.0% Slope - Ramped Access,Yes,"94132",220 Middlefield Dr 94132 ,"37.7304758","-122.4854649","1","0","0","0","0","0","0","0"
Pct 9501,Park Branch Library - Community Room,1833 Page St,Btw Cole & Shrader,8.3% Slope - Ramped Access,Yes,94117-1909,1833 Page St 94117-1909 ,"37.7701338","-122.4510212","0","0","0","0","0","0","0","0"
Pct 9502,New Traditions Elementary School - Auditorium,2049 Grove St,Btw Cole & Clayton,1.0% Slope,Yes,"94117",2049 Grove St 94117 ,"37.7740028","-122.4503157","0","0","0","0","0","0","0","0"
Pct 9503,Urban School Of S. F. - Conference Room,1563 Page St,Btw Masonic & Ashbury,1.6% Slope,Yes,"94117",1563 Page St 94117 ,"37.770905","-122.4460068","0","0","0","0","0","0","0","0"
Pct 9504,Chinese Immersion School - Room 204,1250 Waller St,Btw Central & Masonic,4.6% Slope,Yes,94117-2919,1250 Waller St 94117-2919 ,"37.7697812","-122.444333","0","0","0","0","0","0","0","0"
Pct 9505,C C S F - John Adams Center - Cafeteria,1860 Hayes St,Btw Masonic & Ashbury,8.3% Slope - Ramped Access,Yes,"94117",1860 Hayes St 94117 ,"37.7740693","-122.4471193","0","0","0","0","0","0","0","0"
Pct 9506,Buena Vista Terrace - Community Room,1250 Haight St,Btw Central & Lyon,2.5% Slope,Yes,"94117",1250 Haight St 94117 ,"37.7708011","-122.4428179","0","0","0","0","0","0","0","0"
Pct 9507,Mercy Terrace - Rec Room,1555 Hayes St,Btw Baker & Lyon,5.5% Slope,Yes,"94117",1555 Hayes St 94117 ,"37.7744172","-122.4416637","1","0","0","0","0","0","0","0"
Pct 9508,Firehouse #21 - Left Bay,1443 Grove St,Btw Baker & Broderick,4.3% Slope,Yes,"94117",1443 Grove St 94117 ,"37.7754045","-122.4403031","0","0","0","0","0","0","0","0"
Pct 9509,Garage,1168 Page St,Btw Baker & Broderick,7.7% Slope,Yes,"94117",1168 Page St 94117 ,"37.7720848","-122.440069","0","0","0","0","0","0","0","0"
Pct 9511,Westside Court - Community Room,2501 Sutter St,Enter On Broderick Btw Sutter & Post,8.3% Slope - Ramped Access,Yes,"94115",2501 Sutter St 94115 ,"37.7849039","-122.4417663","0","0","0","1","1","0","0","0"
Pct 9512,Western Addition Library - Program Rm,1550 Scott St,Btw Post & Geary,4.0% Slope,Yes,94115-3512,1550 Scott St 94115-3512 ,"37.7843565","-122.4375433","0","0","0","1","1","0","0","0"
Pct 9513 MB,Precinct does not have an assigned polling place as authorized under CAEC § 3005,,,,,,  ,,,,,,,,,,
Pct 9701,Firehouse #22 - Right Bay,1290 16th Ave,Corner Of 16th Ave & Irving,5.5% Slope,Yes,"94122",1290 16th Ave 94122 ,"37.763959","-122.4737103","0","0","0","0","0","0","0","0"
Pct 9702,County Fair Building - Gallery,1199 9th Ave,Btw Lincoln & Martin Luther King Jr,5.0% Slope,Yes,94122-2370,1199 9th Ave 94122-2370 ,"37.7665313","-122.4671737","0","0","0","0","0","0","0","0"
Pct 9703,St John Of God Catholic Church,1290 5th Ave,Btw Irving & Hugo,8.2% Slope - Ramped Access,Yes,"94122",1290 5th Ave 94122 ,"37.764408","-122.4618054","0","0","0","0","0","0","0","0"
Pct 9704,Lobby At U C S F Parking Garage,1 Irving St,Corner Of Irving & Arguello,3.1% Slope,Yes,"94122",1 Irving St 94122 ,"37.7647284","-122.4574347","0","0","0","0","0","0","0","0"
Pct 9705,Jefferson Elementary School - Auditorium,1725 Irving St,Enter On 19th Ave Btw Irving & Judah,4.0% Slope,Yes,"94122",1725 Irving St 94122 ,"37.7633317","-122.4768828","1","0","0","0","0","0","0","0"
Pct 9706,Saint Anne Of The Sunset Church,1390 14th Ave,Btw Irving & Judah,7.7% Slope - Ramped Access,Yes,94122-2104,1390 14th Ave 94122-2104 ,"37.7623147","-122.4712839","1","0","0","0","0","0","0","0"
Pct 9707,Garage,731 Judah St,Btw 12th Ave & Funston,8.3% Slope,Yes,"94122",731 Judah St 94122 ,"37.7618013","-122.4699836","1","0","0","0","0","0","0","0"
Pct 9708,Avalon Sunset Towers - Lobby,8 Locksley Ave,Btw Lawton & 6th Ave,7.8% Slope,Yes,"94122",8 Locksley Ave 94122 ,"37.7591731","-122.4629109","0","0","0","0","0","0","0","0"
Pct 9709,Garage,1439 18th Ave,Btw Judah & Kirkham,2.2% Slope,Yes,94122-3408,1439 18th Ave 94122-3408 ,"37.7609821","-122.4761371","1","0","0","0","0","0","0","0"
Pct 9711,Alice Fong Yu Alternative School - Multipurpose Rm 401,1541 12th Ave,Between Kirkham & Lawton,3.5% Slope,Yes,"94122",1541 12th Ave 94122 ,"37.758883","-122.4695014","1","0","0","0","0","0","0","0"
Pct 9712,Garage,321 Kirkham St,Btw 7th & 8th Ave,5.4% Slope,Yes,"94122",321 Kirkham St 94122 ,"37.7601967","-122.4643603","1","0","0","0","0","0","0","0"
Pct 9713,Sharp - Meeting Room,1736 9th Ave,Btw Moraga & Noriega,6.0% Slope,Yes,"94122",1736 9th Ave 94122 ,"37.7558377","-122.4655371","0","0","0","0","0","0","0","0"
Pct 9714,Clarendon Elementary School - Art Room 108,500 Clarendon Ave,Btw Panorama & Galewood,4.6% Slope,Yes,"94131",500 Clarendon Ave 94131 ,"37.7536907","-122.4561614","0","0","0","0","0","0","0","0"
Pct 9715,Garage,2007 15th Ave,Btw Pacheco & Quintara,6.9% Slope,Yes,"94116",2007 15th Ave 94116 ,"37.7504607","-122.4721327","1","0","0","0","0","0","0","0"
Pct 9716,Garage,66 Aerial Way,Btw Funston & Pacheco,4.0% Slope,Yes,"94116",66 Aerial Way 94116 ,"37.7528341","-122.4697447","0","0","0","0","0","0","0","0"
Pct 9717,Garage,2243 14th Ave,Btw Rivera & Santiago,8.3% Slope,Yes,94116-1842,2243 14th Ave 94116-1842 ,"37.7462632","-122.4706888","1","0","0","0","0","0","0","0"
Pct 9718,Garage,2471 15th Ave,Btw Taraval & Ulloa,0.7% Slope,Yes,94116-2524,2471 15th Ave 94116-2524 ,"37.7419248","-122.4715373","1","0","0","0","0","0","0","0"
Pct 9719,Collins Center,2560 18th Ave,Btw Ulloa & Vicente,8.3% Slope - Ramped Access,Yes,"94116",2560 18th Ave 94116 ,"37.7403589","-122.4742363","0","0","0","0","0","0","0","0"
Pct 9721,Unity Spiritual Center,2690 Ocean Ave,Btw 19th Ave & Lagunitas,6.0% Slope,Yes,"94132",2690 Ocean Ave 94132 ,"37.7326323","-122.4747197","1","0","0","0","0","0","0","0"
Pct 9722,Lakewood Apartments - Lobby,515 John Muir Dr,Btw Skyline & Lake Merced,Exceeds 8.3% Slope - Curbside Voting Available,No,"94132",515 John Muir Dr 94132 ,"37.7165318","-122.4982012","0","0","0","0","0","0","0","0"
Pct 9723,Annex 1 - Student Event Center,1 N State Dr,Btw Lake Merced & Campus Cir,5.9% Slope,Yes,"94132",1 N State Dr 94132 ,"37.7264463","-122.4821605","0","0","0","0","0","0","0","0"
Pct 9724,Garage,200 Denslowe Dr,Enter On Holloway Btw Denslowe & 19th Ave,7.7% Slope,Yes,"94132",200 Denslowe Dr 94132 ,"37.7209723","-122.4747881","1","0","0","0","0","0","0","0"
Pct 9725,Garage,55 Borica St,Btw Holloway & Urbano,6.9% Slope,Yes,"94127",55 Borica St 94127 ,"37.7227744","-122.4685574","1","0","0","0","0","0","0","0"
Pct 9726,Villas Park Merced - Lobby,350 Arballo Dr,Enter Btw Vidal & Pinto,7.8% Slope - Ramped Access,Yes,"94132",350 Arballo Dr 94132 ,"37.7202963","-122.4835161","0","0","0","0","0","0","0","0"
Pct 9727,Villas Park Merced - Lobby,150 Font Blvd,Btw Cambon & Chumasero,8.0% Slope - Ramped Access,Yes,94132-2560,150 Font Blvd 94132-2560 ,"37.7157974","-122.4734621","0","0","0","0","0","0","0","0"
Pct 9728,Villas Park Merced - Lobby,50 Chumasero Dr,Btw Font & Galindo,7.9% Slope - Ramped Access,Yes,"94132",50 Chumasero Dr 94132 ,"37.7142773","-122.4736429","0","0","0","0","0","0","0","0"
Pct 9729,Saint Thomas More Church - Scanlan Hall,1300 Junipero Serra Blvd,Btw Thomas More & Junipero Serra,8.3% Slope - Ramped Access,Yes,"94132",1300 Junipero Serra Blvd 94132 ,"37.7117639","-122.472282","1","0","0","0","0","0","0","0"
Pct 9731,Garage,3821 Alemany Blvd,Btw Ramsell & Worcester,4.8% Slope,Yes,"94132",3821 Alemany Blvd 94132 ,"37.7113955","-122.4666001","1","0","0","0","0","0","0","0"
Pct 9732,C C S F - Visual Arts Building - Lobby,50 Frida Kahlo Way,Enter On Judson Btw Gennessee & Foerster,8.3% Slope - Ramped Access,Yes,"94112",50 Frida Kahlo Way 94112 ,"37.7258335","-122.4509344","1","0","0","0","0","0","0","0"
Pct 9733,Garage,722 Monterey Blvd,Btw Ridgewood & Gennessee,8.2% Slope,Yes,94127-2222,722 Monterey Blvd 94127-2222 ,"37.7317127","-122.4517214","1","0","0","0","0","0","0","0"
Pct 9734,Sunnyside Elementary School - Main Hallway,250 Foerster St,Btw Hearst & Flood,8.3% - Ramped Access,Yes,"94112",250 Foerster St 94112 ,"37.7302532","-122.4486089","1","0","0","0","0","0","0","0"
Pct 9735,Sunnyside Conservatory,236 Monterey Blvd,Btw Baden & Congo,8.3% Slope - Ramped Access,Yes,"94131",236 Monterey Blvd 94131 ,"37.7319038","-122.4408038","1","0","0","0","0","0","0","0"
Pct 9801,Carl Street Free Library - Garage,321 Carl St,Btw Willard & Hillway,4.3% Slope,Yes,"94117",321 Carl St 94117 ,"37.7650902","-122.4547935","1","0","0","0","0","0","0","0"
Pct 9802,Firehouse #12 - Right Bay,1145 Stanyan St,Btw Grattan & Alma,3.3% Slope,Yes,"94117",1145 Stanyan St 94117 ,"37.7634587","-122.4526607","0","0","0","0","0","0","0","0"
Pct 9803,Matter Of Trust Eco Home - Garage,728 Cole St,Btw Frederick & Waller,2.2% Slope,Yes,"94117",728 Cole St 94117 ,"37.7677456","-122.4501292","0","0","0","0","0","0","0","0"
Pct 9804,Garage,954 Stanyan St,Btw Carl & Frederick,2.0% Slope,Yes,"94117",954 Stanyan St 94117 ,"37.7657009","-122.4525293","0","0","0","0","0","0","0","0"
Pct 9805,Grattan Elementary School - Auditorium 116 A,165 Grattan St,Btw Cole & Shrader,5.4% Slope - Ramped Access,Yes,"94117",165 Grattan St 94117 ,"37.7637982","-122.4505354","0","0","0","0","0","0","0","0"
Pct 9806,Garage,1051 Ashbury St,Btw Downey & Clayton,1.1% Slope,Yes,"94117",1051 Ashbury St 94117 ,"37.7637634","-122.4467017","0","0","0","0","0","0","0","0"
Pct 9807,Garage,137 Divisadero St,Btw Waller & Duboce,2.3% Slope,Yes,"94117",137 Divisadero St 94117 ,"37.769477","-122.43704","0","0","0","0","0","0","0","0"
Pct 9808,Glen Park Elementary School - South Hallway,151 Lippard Ave,Btw Bosworth & Joost,5.5% Slope - Ramped Access,Yes,"94131",151 Lippard Ave 94131 ,"37.7330289","-122.435391","0","0","0","0","0","0","0","0"
Pct 9901 MB,Precinct does not have an assigned polling place as authorized under CAEC § 3005,,,,,,  ,,,,,,,,,,
Pct 9902 MB,Precinct does not have an assigned polling place as authorized under CAEC § 3005,,,,,,  ,,,,,,,,,,
Pct 9903 MB,Precinct does not have an assigned polling place as authorized under CAEC § 3005,,,,,,  ,,,,,,,,,,
Pct 9904 MB,Precinct does not have an assigned polling place as authorized under CAEC § 3005,,,,,,  ,,,,,,,,,,
